,movie,seed,fold,accuracy,balanced_accuracy,roc_auc
0,two_men,0,1,0.8888888888888888,0.875,0.9375
1,two_men,0,2,0.6666666666666666,0.6375,0.85
2,two_men,0,3,0.7777777777777778,0.7083333333333333,0.8333333333333335
3,two_men,0,4,0.5294117647058824,0.5571428571428572,0.7
4,two_men,0,5,0.6470588235294118,0.6826923076923077,0.5
5,two_men,0,6,0.5789473684210527,0.5214285714285715,0.45714285714285713
6,two_men,0,7,0.6111111111111112,0.611111111111111,0.7037037037037037
7,two_men,0,8,0.7777777777777778,0.75,0.7916666666666667
8,two_men,0,9,0.8333333333333334,0.8375,0.9
9,two_men,0,10,0.8823529411764706,0.8365384615384616,0.7692307692307692
10,two_men,1,1,0.8235294117647058,0.7878787878787878,0.7878787878787878
11,two_men,1,2,0.7777777777777778,0.7662337662337663,0.7662337662337663
12,two_men,1,3,0.7777777777777778,0.7625,0.85
13,two_men,1,4,0.8235294117647058,0.7980769230769231,0.8846153846153846
14,two_men,1,5,0.5,0.5208333333333334,0.7604166666666666
15,two_men,1,6,0.7222222222222222,0.6666666666666667,0.7083333333333335
16,two_men,1,7,0.7777777777777778,0.7083333333333333,0.5555555555555556
17,two_men,1,8,0.8333333333333334,0.8375,0.8500000000000001
18,two_men,1,9,0.6470588235294118,0.6142857142857143,0.7428571428571429
19,two_men,1,10,0.6470588235294118,0.5961538461538461,0.6153846153846153
20,two_men,2,1,0.6111111111111112,0.5714285714285714,0.5178571428571428
21,two_men,2,2,0.8333333333333334,0.8125,0.8250000000000001
22,two_men,2,3,0.7222222222222222,0.725,0.7250000000000001
23,two_men,2,4,0.6875,0.6875,0.859375
24,two_men,2,5,0.5,0.45833333333333337,0.6527777777777778
25,two_men,2,6,0.7777777777777778,0.7230769230769231,0.9384615384615385
26,two_men,2,7,0.7058823529411765,0.7348484848484849,0.696969696969697
27,two_men,2,8,0.8888888888888888,0.9285714285714286,0.9285714285714286
28,two_men,2,9,0.8333333333333334,0.7916666666666666,0.8888888888888888
29,two_men,2,10,0.631578947368421,0.6306818181818181,0.7386363636363636
30,two_men,3,1,0.8823529411764706,0.8571428571428572,0.9428571428571428
31,two_men,3,2,0.7777777777777778,0.7625,0.7875
32,two_men,3,3,0.8333333333333334,0.825,0.875
33,two_men,3,4,0.5882352941176471,0.5694444444444444,0.5833333333333334
34,two_men,3,5,0.5,0.5,0.43
35,two_men,3,6,0.7222222222222222,0.5535714285714286,0.4642857142857143
36,two_men,3,7,0.6470588235294118,0.6916666666666667,0.6833333333333335
37,two_men,3,8,0.8888888888888888,0.9166666666666667,0.9305555555555556
38,two_men,3,9,0.7222222222222222,0.7,0.75
39,two_men,3,10,0.6470588235294118,0.6136363636363636,0.696969696969697
40,two_men,4,1,0.7058823529411765,0.46153846153846156,0.7692307692307692
41,two_men,4,2,0.7222222222222222,0.7321428571428572,0.8392857142857143
42,two_men,4,3,0.6111111111111112,0.5875,0.7000000000000001
43,two_men,4,4,0.7058823529411765,0.7083333333333333,0.8888888888888888
44,two_men,4,5,0.6470588235294118,0.6388888888888888,0.7361111111111112
45,two_men,4,6,0.55,0.489010989010989,0.6043956043956044
46,two_men,4,7,0.8333333333333334,0.8035714285714286,0.9107142857142858
47,two_men,4,8,0.6666666666666666,0.625,0.736111111111111
48,two_men,4,9,0.7222222222222222,0.7916666666666667,0.9305555555555555
49,two_men,4,10,0.7058823529411765,0.7013888888888888,0.7222222222222223
50,two_men,5,1,0.6470588235294118,0.6319444444444444,0.7777777777777778
51,two_men,5,2,0.7222222222222222,0.8214285714285714,0.9285714285714286
52,two_men,5,3,0.7777777777777778,0.7678571428571428,0.875
53,two_men,5,4,0.7222222222222222,0.40625,0.0
54,two_men,5,5,0.5555555555555556,0.5375,0.7749999999999999
55,two_men,5,6,0.8235294117647058,0.8194444444444444,0.8055555555555556
56,two_men,5,7,0.7894736842105263,0.7944444444444444,0.8333333333333334
57,two_men,5,8,0.7777777777777778,0.75,0.85
58,two_men,5,9,0.5294117647058824,0.5486111111111112,0.5972222222222222
59,two_men,5,10,0.6111111111111112,0.6375,0.7375
60,two_men,6,1,1.0,1.0,1.0
61,two_men,6,2,0.5294117647058824,0.375,0.48333333333333334
62,two_men,6,3,0.7777777777777778,0.6785714285714286,0.6428571428571428
63,two_men,6,4,0.7647058823529411,0.7708333333333333,0.8055555555555556
64,two_men,6,5,0.47058823529411764,0.4583333333333333,0.4305555555555556
65,two_men,6,6,0.7058823529411765,0.7348484848484849,0.9242424242424242
66,two_men,6,7,0.65,0.7083333333333334,0.7604166666666666
67,two_men,6,8,0.8333333333333334,0.7916666666666666,0.9305555555555556
68,two_men,6,9,0.8333333333333334,0.825,0.9125000000000001
69,two_men,6,10,0.7777777777777778,0.7662337662337663,0.6753246753246754
70,two_men,7,1,0.8235294117647058,0.75,0.7727272727272727
71,two_men,7,2,0.8823529411764706,0.9,0.9714285714285714
72,two_men,7,3,0.5555555555555556,0.5125,0.5625
73,two_men,7,4,0.8333333333333334,0.8125,0.875
74,two_men,7,5,0.7777777777777778,0.7916666666666667,0.9583333333333334
75,two_men,7,6,0.6666666666666666,0.59375,0.4375
76,two_men,7,7,0.5882352941176471,0.5833333333333333,0.6805555555555556
77,two_men,7,8,0.65,0.6666666666666667,0.6145833333333333
78,two_men,7,9,0.8333333333333334,0.8125,0.9625000000000001
79,two_men,7,10,0.35294117647058826,0.3680555555555556,0.5833333333333333
80,two_men,8,1,0.7222222222222222,0.7,0.8375
81,two_men,8,2,0.8888888888888888,0.8392857142857143,0.9642857142857143
82,two_men,8,3,0.7777777777777778,0.75,0.7777777777777778
83,two_men,8,4,0.625,0.6031746031746031,0.5714285714285714
84,two_men,8,5,0.6111111111111112,0.5,0.7361111111111112
85,two_men,8,6,0.8888888888888888,0.9285714285714286,0.9464285714285715
86,two_men,8,7,0.7647058823529411,0.8461538461538461,1.0
87,two_men,8,8,0.5294117647058824,0.5785714285714285,0.6428571428571429
88,two_men,8,9,0.65,0.6499999999999999,0.62
89,two_men,8,10,0.7222222222222222,0.7727272727272727,0.922077922077922
90,two_men,9,1,0.8125,0.8174603174603174,0.8888888888888888
91,two_men,9,2,0.6666666666666666,0.5833333333333334,0.6805555555555556
92,two_men,9,3,0.8333333333333334,0.85,0.9125
93,two_men,9,4,0.8888888888888888,0.8333333333333333,0.7916666666666666
94,two_men,9,5,0.7222222222222222,0.7467532467532467,0.8051948051948051
95,two_men,9,6,0.8823529411764706,0.8333333333333333,0.7272727272727273
96,two_men,9,7,0.55,0.55,0.77
97,two_men,9,8,0.6666666666666666,0.6071428571428572,0.8035714285714286
98,two_men,9,9,0.5555555555555556,0.5875,0.6375
99,two_men,9,10,0.6470588235294118,0.6826923076923077,0.8076923076923077
100,bridgeville,0,1,0.8333333333333334,0.825,0.8375
101,bridgeville,0,2,0.6111111111111112,0.575,0.4625
102,bridgeville,0,3,0.8888888888888888,0.8333333333333333,0.9027777777777778
103,bridgeville,0,4,0.6470588235294118,0.6785714285714286,0.7571428571428571
104,bridgeville,0,5,0.7647058823529411,0.7596153846153846,0.7884615384615383
105,bridgeville,0,6,0.631578947368421,0.5571428571428572,0.4714285714285715
106,bridgeville,0,7,0.7222222222222222,0.7222222222222222,0.8271604938271605
107,bridgeville,0,8,0.8333333333333334,0.75,0.8888888888888888
108,bridgeville,0,9,0.7777777777777778,0.7875,0.95
109,bridgeville,0,10,0.9411764705882353,0.9615384615384616,0.9807692307692308
110,bridgeville,1,1,0.8235294117647058,0.7878787878787878,0.6818181818181818
111,bridgeville,1,2,0.7777777777777778,0.7662337662337663,0.7922077922077921
112,bridgeville,1,3,0.7777777777777778,0.775,0.8500000000000001
113,bridgeville,1,4,0.7058823529411765,0.6346153846153846,0.8269230769230769
114,bridgeville,1,5,0.65,0.7083333333333334,0.6458333333333334
115,bridgeville,1,6,0.7777777777777778,0.7083333333333333,0.625
116,bridgeville,1,7,0.6666666666666666,0.5833333333333334,0.5833333333333334
117,bridgeville,1,8,0.6666666666666666,0.675,0.7125
118,bridgeville,1,9,0.7058823529411765,0.6857142857142857,0.8714285714285714
119,bridgeville,1,10,0.8235294117647058,0.7980769230769231,0.9230769230769231
120,bridgeville,2,1,0.7222222222222222,0.4642857142857143,0.7321428571428571
121,bridgeville,2,2,0.6666666666666666,0.65,0.7125
122,bridgeville,2,3,0.6666666666666666,0.6625,0.6375000000000001
123,bridgeville,2,4,0.75,0.75,0.828125
124,bridgeville,2,5,0.7777777777777778,0.7083333333333333,0.6805555555555556
125,bridgeville,2,6,0.7777777777777778,0.7230769230769231,0.8615384615384616
126,bridgeville,2,7,0.5294117647058824,0.5984848484848485,0.6818181818181818
127,bridgeville,2,8,0.7777777777777778,0.8571428571428572,0.8035714285714286
128,bridgeville,2,9,0.6666666666666666,0.5833333333333334,0.6666666666666667
129,bridgeville,2,10,0.5789473684210527,0.5681818181818181,0.6818181818181819
130,bridgeville,3,1,0.6470588235294118,0.6142857142857143,0.7714285714285714
131,bridgeville,3,2,0.7222222222222222,0.7,0.6875
132,bridgeville,3,3,0.6666666666666666,0.65,0.8
133,bridgeville,3,4,0.7647058823529411,0.75,0.875
134,bridgeville,3,5,0.65,0.65,0.59
135,bridgeville,3,6,0.7777777777777778,0.6785714285714286,0.6071428571428572
136,bridgeville,3,7,0.8235294117647058,0.7583333333333333,0.8666666666666667
137,bridgeville,3,8,0.5555555555555556,0.5833333333333333,0.7916666666666667
138,bridgeville,3,9,0.6666666666666666,0.6375,0.875
139,bridgeville,3,10,0.7058823529411765,0.696969696969697,0.7727272727272727
140,bridgeville,4,1,0.5882352941176471,0.38461538461538464,0.4423076923076923
141,bridgeville,4,2,0.7222222222222222,0.7321428571428572,0.8928571428571428
142,bridgeville,4,3,0.6111111111111112,0.6125,0.7749999999999999
143,bridgeville,4,4,0.8823529411764706,0.8888888888888888,1.0
144,bridgeville,4,5,0.7647058823529411,0.7569444444444444,0.8055555555555556
145,bridgeville,4,6,0.6,0.5274725274725275,0.3956043956043956
146,bridgeville,4,7,0.8888888888888888,0.8392857142857143,0.9285714285714286
147,bridgeville,4,8,0.6111111111111112,0.5416666666666666,0.5
148,bridgeville,4,9,0.6111111111111112,0.7083333333333334,0.9305555555555556
149,bridgeville,4,10,0.8235294117647058,0.8194444444444444,0.9583333333333333
150,bridgeville,5,1,0.6470588235294118,0.6319444444444444,0.6805555555555557
151,bridgeville,5,2,0.9444444444444444,0.875,0.9642857142857143
152,bridgeville,5,3,0.7222222222222222,0.6428571428571428,0.8214285714285714
153,bridgeville,5,4,0.7222222222222222,0.40625,0.21875
154,bridgeville,5,5,0.6666666666666666,0.6625,0.7125
155,bridgeville,5,6,0.7647058823529411,0.7569444444444444,0.6944444444444445
156,bridgeville,5,7,0.7368421052631579,0.7333333333333334,0.7555555555555555
157,bridgeville,5,8,0.6666666666666666,0.6375,0.7374999999999999
158,bridgeville,5,9,0.35294117647058826,0.3611111111111111,0.5416666666666667
159,bridgeville,5,10,0.7222222222222222,0.7375,0.875
160,bridgeville,6,1,0.6111111111111112,0.5416666666666666,0.7222222222222222
161,bridgeville,6,2,0.7647058823529411,0.7166666666666667,0.6666666666666666
162,bridgeville,6,3,0.8333333333333334,0.625,0.5357142857142857
163,bridgeville,6,4,0.8235294117647058,0.8194444444444444,0.8611111111111112
164,bridgeville,6,5,0.35294117647058826,0.3472222222222222,0.4027777777777778
165,bridgeville,6,6,0.6470588235294118,0.6136363636363636,0.696969696969697
166,bridgeville,6,7,0.65,0.6875,0.71875
167,bridgeville,6,8,0.7777777777777778,0.7083333333333333,0.875
168,bridgeville,6,9,0.7777777777777778,0.775,0.8
169,bridgeville,6,10,0.6666666666666666,0.6233766233766234,0.7662337662337663
170,bridgeville,7,1,0.6470588235294118,0.5757575757575758,0.5606060606060606
171,bridgeville,7,2,0.8235294117647058,0.8071428571428572,0.8857142857142857
172,bridgeville,7,3,0.7777777777777778,0.75,0.85
173,bridgeville,7,4,0.6111111111111112,0.575,0.7
174,bridgeville,7,5,0.6111111111111112,0.625,0.75
175,bridgeville,7,6,0.5555555555555556,0.53125,0.5625
176,bridgeville,7,7,0.6470588235294118,0.6319444444444444,0.625
177,bridgeville,7,8,0.8,0.7708333333333333,0.8229166666666667
178,bridgeville,7,9,0.7777777777777778,0.775,0.7999999999999999
179,bridgeville,7,10,0.5882352941176471,0.6041666666666666,0.8472222222222223
180,bridgeville,8,1,0.7222222222222222,0.7,0.85
181,bridgeville,8,2,0.8888888888888888,0.8392857142857143,0.9464285714285714
182,bridgeville,8,3,0.6111111111111112,0.625,0.6944444444444444
183,bridgeville,8,4,0.8125,0.7857142857142857,0.7936507936507936
184,bridgeville,8,5,0.7777777777777778,0.7083333333333333,0.7916666666666666
185,bridgeville,8,6,0.6111111111111112,0.5714285714285714,0.7678571428571428
186,bridgeville,8,7,0.8235294117647058,0.7980769230769231,0.9615384615384616
187,bridgeville,8,8,0.7058823529411765,0.75,0.8999999999999999
188,bridgeville,8,9,0.7,0.7,0.62
189,bridgeville,8,10,0.5555555555555556,0.6363636363636364,0.6103896103896104
190,bridgeville,9,1,0.75,0.7619047619047619,0.9206349206349207
191,bridgeville,9,2,0.5555555555555556,0.4583333333333333,0.625
192,bridgeville,9,3,0.7222222222222222,0.7375,0.7625000000000001
193,bridgeville,9,4,0.8333333333333334,0.8333333333333334,0.8472222222222222
194,bridgeville,9,5,0.6666666666666666,0.6753246753246753,0.7922077922077921
195,bridgeville,9,6,0.8235294117647058,0.75,0.7878787878787878
196,bridgeville,9,7,0.65,0.65,0.7
197,bridgeville,9,8,0.6666666666666666,0.5178571428571428,0.6964285714285714
198,bridgeville,9,9,0.5555555555555556,0.5875,0.8375
199,bridgeville,9,10,0.7058823529411765,0.5480769230769231,0.8269230769230769
200,pockets,0,1,0.5555555555555556,0.55,0.5750000000000001
201,pockets,0,2,0.5,0.4625,0.5125000000000001
202,pockets,0,3,0.8888888888888888,0.875,0.8611111111111112
203,pockets,0,4,0.47058823529411764,0.5071428571428571,0.4428571428571429
204,pockets,0,5,0.5294117647058824,0.5192307692307692,0.673076923076923
205,pockets,0,6,0.47368421052631576,0.5142857142857142,0.5285714285714286
206,pockets,0,7,0.6666666666666666,0.6666666666666667,0.7901234567901234
207,pockets,0,8,0.6111111111111112,0.5416666666666666,0.6527777777777778
208,pockets,0,9,0.6111111111111112,0.625,0.6625000000000001
209,pockets,0,10,0.5882352941176471,0.38461538461538464,0.4230769230769231
210,pockets,1,1,0.47058823529411764,0.36363636363636365,0.48484848484848486
211,pockets,1,2,0.6111111111111112,0.551948051948052,0.5064935064935064
212,pockets,1,3,0.4444444444444444,0.425,0.525
213,pockets,1,4,0.5882352941176471,0.5576923076923077,0.6923076923076923
214,pockets,1,5,0.55,0.5625,0.53125
215,pockets,1,6,0.5,0.41666666666666663,0.3055555555555556
216,pockets,1,7,0.5,0.5,0.5555555555555556
217,pockets,1,8,0.6111111111111112,0.625,0.775
218,pockets,1,9,0.8235294117647058,0.8071428571428572,0.9428571428571428
219,pockets,1,10,0.6470588235294118,0.5096153846153846,0.4230769230769231
220,pockets,2,1,0.7222222222222222,0.6428571428571428,0.5892857142857143
221,pockets,2,2,0.5555555555555556,0.55,0.7375
222,pockets,2,3,0.5555555555555556,0.5625,0.48750000000000004
223,pockets,2,4,0.5,0.5,0.59375
224,pockets,2,5,0.7222222222222222,0.6666666666666667,0.5138888888888888
225,pockets,2,6,0.7222222222222222,0.6846153846153846,0.7846153846153846
226,pockets,2,7,0.23529411764705882,0.29545454545454547,0.2878787878787879
227,pockets,2,8,0.6111111111111112,0.5714285714285714,0.8035714285714286
228,pockets,2,9,0.7777777777777778,0.7083333333333333,0.8472222222222223
229,pockets,2,10,0.5263157894736842,0.48863636363636365,0.4204545454545454
230,pockets,3,1,0.7647058823529411,0.7142857142857143,0.8
231,pockets,3,2,0.5,0.4625,0.36250000000000004
232,pockets,3,3,0.5,0.4625,0.5
233,pockets,3,4,0.5882352941176471,0.5902777777777778,0.6041666666666667
234,pockets,3,5,0.5,0.5,0.49
235,pockets,3,6,0.5555555555555556,0.44642857142857145,0.4107142857142857
236,pockets,3,7,0.47058823529411764,0.5083333333333333,0.6
237,pockets,3,8,0.4444444444444444,0.45833333333333337,0.6111111111111112
238,pockets,3,9,0.6111111111111112,0.5875,0.675
239,pockets,3,10,0.6470588235294118,0.6136363636363636,0.7727272727272727
240,pockets,4,1,0.7647058823529411,0.7596153846153846,0.6730769230769231
241,pockets,4,2,0.7777777777777778,0.7678571428571428,0.8392857142857143
242,pockets,4,3,0.3888888888888889,0.4,0.45
243,pockets,4,4,0.47058823529411764,0.4930555555555556,0.29166666666666663
244,pockets,4,5,0.47058823529411764,0.4583333333333333,0.5416666666666667
245,pockets,4,6,0.4,0.4065934065934066,0.41758241758241754
246,pockets,4,7,0.7222222222222222,0.6428571428571428,0.6785714285714286
247,pockets,4,8,0.6666666666666666,0.5833333333333334,0.5972222222222222
248,pockets,4,9,0.4444444444444444,0.45833333333333337,0.4027777777777778
249,pockets,4,10,0.47058823529411764,0.4513888888888889,0.5416666666666667
250,pockets,5,1,0.47058823529411764,0.4652777777777778,0.3611111111111111
251,pockets,5,2,0.6666666666666666,0.6071428571428572,0.7142857142857142
252,pockets,5,3,0.8333333333333334,0.8035714285714286,0.7857142857142857
253,pockets,5,4,0.6111111111111112,0.34375,0.15625
254,pockets,5,5,0.5555555555555556,0.525,0.6499999999999999
255,pockets,5,6,0.6470588235294118,0.6527777777777778,0.6944444444444444
256,pockets,5,7,0.47368421052631576,0.4611111111111111,0.43333333333333335
257,pockets,5,8,0.6666666666666666,0.6625,0.8375
258,pockets,5,9,0.7058823529411765,0.7222222222222222,0.8055555555555556
259,pockets,5,10,0.5,0.5125,0.5375000000000001
260,pockets,6,1,0.6666666666666666,0.625,0.7638888888888888
261,pockets,6,2,0.7058823529411765,0.6166666666666667,0.7166666666666667
262,pockets,6,3,0.5,0.32142857142857145,0.2857142857142857
263,pockets,6,4,0.5294117647058824,0.5208333333333333,0.45833333333333337
264,pockets,6,5,0.4117647058823529,0.3958333333333333,0.2638888888888889
265,pockets,6,6,0.6470588235294118,0.5757575757575758,0.606060606060606
266,pockets,6,7,0.7,0.7083333333333333,0.75
267,pockets,6,8,0.7777777777777778,0.7083333333333333,0.875
268,pockets,6,9,0.5555555555555556,0.55,0.6
269,pockets,6,10,0.5555555555555556,0.5324675324675324,0.45454545454545453
270,pockets,7,1,0.5882352941176471,0.5681818181818181,0.6363636363636365
271,pockets,7,2,0.5294117647058824,0.4714285714285714,0.48571428571428565
272,pockets,7,3,0.6666666666666666,0.65,0.7250000000000001
273,pockets,7,4,0.4444444444444444,0.4125,0.4625
274,pockets,7,5,0.8333333333333334,0.75,0.8333333333333334
275,pockets,7,6,0.6666666666666666,0.8125,0.71875
276,pockets,7,7,0.47058823529411764,0.4652777777777778,0.5833333333333333
277,pockets,7,8,0.3,0.29166666666666663,0.25
278,pockets,7,9,0.6666666666666666,0.6375,0.8125
279,pockets,7,10,0.5294117647058824,0.5277777777777778,0.5833333333333333
280,pockets,8,1,0.5555555555555556,0.525,0.6125
281,pockets,8,2,0.8888888888888888,0.9285714285714286,0.9107142857142858
282,pockets,8,3,0.3888888888888889,0.375,0.40277777777777773
283,pockets,8,4,0.5625,0.5476190476190476,0.5079365079365079
284,pockets,8,5,0.7777777777777778,0.7083333333333333,0.625
285,pockets,8,6,0.7777777777777778,0.7678571428571428,0.7142857142857142
286,pockets,8,7,0.5294117647058824,0.4326923076923077,0.5961538461538461
287,pockets,8,8,0.29411764705882354,0.2928571428571428,0.32857142857142857
288,pockets,8,9,0.6,0.6,0.6100000000000001
289,pockets,8,10,0.6111111111111112,0.6818181818181819,0.7792207792207793
290,pockets,9,1,0.75,0.7619047619047619,0.7142857142857143
291,pockets,9,2,0.7777777777777778,0.75,0.8194444444444444
292,pockets,9,3,0.3888888888888889,0.425,0.375
293,pockets,9,4,0.7777777777777778,0.75,0.7500000000000001
294,pockets,9,5,0.3888888888888889,0.3701298701298701,0.33766233766233766
295,pockets,9,6,0.7647058823529411,0.7045454545454546,0.7272727272727273
296,pockets,9,7,0.5,0.5,0.59
297,pockets,9,8,0.7222222222222222,0.5535714285714286,0.48214285714285715
298,pockets,9,9,0.5555555555555556,0.5875,0.6875
299,pockets,9,10,0.47058823529411764,0.3076923076923077,0.5192307692307692
300,overcome,0,1,0.7222222222222222,0.6875,0.8125
301,overcome,0,2,0.6666666666666666,0.65,0.725
302,overcome,0,3,0.5,0.45833333333333337,0.5416666666666667
303,overcome,0,4,0.5294117647058824,0.5785714285714285,0.5428571428571429
304,overcome,0,5,0.5294117647058824,0.5192307692307692,0.6153846153846154
305,overcome,0,6,0.631578947368421,0.5571428571428572,0.5714285714285714
306,overcome,0,7,0.7777777777777778,0.7777777777777778,0.7530864197530864
307,overcome,0,8,0.5,0.5416666666666666,0.5555555555555556
308,overcome,0,9,0.5,0.5375,0.55
309,overcome,0,10,0.6470588235294118,0.5096153846153846,0.6634615384615384
310,overcome,1,1,0.7647058823529411,0.7045454545454546,0.7424242424242424
311,overcome,1,2,0.6111111111111112,0.577922077922078,0.6493506493506493
312,overcome,1,3,0.5555555555555556,0.5125,0.7124999999999999
313,overcome,1,4,0.7647058823529411,0.7596153846153846,0.7115384615384616
314,overcome,1,5,0.65,0.6875,0.8854166666666667
315,overcome,1,6,0.5555555555555556,0.5,0.6111111111111112
316,overcome,1,7,0.6111111111111112,0.5416666666666666,0.6388888888888888
317,overcome,1,8,0.8333333333333334,0.85,0.775
318,overcome,1,9,0.5294117647058824,0.5142857142857142,0.5428571428571428
319,overcome,1,10,0.7647058823529411,0.7596153846153846,0.6923076923076923
320,overcome,2,1,0.3888888888888889,0.25,0.19642857142857142
321,overcome,2,2,0.6666666666666666,0.65,0.7249999999999999
322,overcome,2,3,0.3888888888888889,0.4125,0.5625
323,overcome,2,4,0.6875,0.6875,0.8125
324,overcome,2,5,0.8333333333333334,0.8333333333333334,0.8055555555555556
325,overcome,2,6,0.7222222222222222,0.7461538461538462,0.8153846153846154
326,overcome,2,7,0.5294117647058824,0.5984848484848485,0.4696969696969697
327,overcome,2,8,0.7777777777777778,0.6785714285714286,0.8392857142857143
328,overcome,2,9,0.7222222222222222,0.7083333333333333,0.6666666666666667
329,overcome,2,10,0.631578947368421,0.5965909090909092,0.6136363636363636
330,overcome,3,1,0.7058823529411765,0.6428571428571428,0.842857142857143
331,overcome,3,2,0.6111111111111112,0.5625,0.575
332,overcome,3,3,0.6666666666666666,0.6375,0.7875000000000001
333,overcome,3,4,0.7647058823529411,0.7569444444444444,0.7638888888888888
334,overcome,3,5,0.65,0.65,0.59
335,overcome,3,6,0.7222222222222222,0.6428571428571428,0.6428571428571429
336,overcome,3,7,0.8235294117647058,0.875,0.85
337,overcome,3,8,0.6666666666666666,0.625,0.638888888888889
338,overcome,3,9,0.8333333333333334,0.825,0.8375
339,overcome,3,10,0.5294117647058824,0.5227272727272727,0.5454545454545454
340,overcome,4,1,0.7058823529411765,0.6346153846153846,0.6538461538461537
341,overcome,4,2,0.8333333333333334,0.8928571428571428,0.8750000000000001
342,overcome,4,3,0.6666666666666666,0.65,0.7875000000000001
343,overcome,4,4,0.47058823529411764,0.4861111111111111,0.6527777777777777
344,overcome,4,5,0.6470588235294118,0.6319444444444444,0.6944444444444444
345,overcome,4,6,0.7,0.6373626373626373,0.7032967032967032
346,overcome,4,7,0.6111111111111112,0.6607142857142857,0.75
347,overcome,4,8,0.6111111111111112,0.5,0.5
348,overcome,4,9,0.5555555555555556,0.625,0.6944444444444445
349,overcome,4,10,0.6470588235294118,0.625,0.7361111111111112
350,overcome,5,1,0.6470588235294118,0.6319444444444444,0.7777777777777778
351,overcome,5,2,0.7222222222222222,0.7321428571428572,0.8035714285714286
352,overcome,5,3,0.6111111111111112,0.48214285714285715,0.4464285714285714
353,overcome,5,4,0.6666666666666666,0.59375,0.546875
354,overcome,5,5,0.7777777777777778,0.7625,0.775
355,overcome,5,6,0.5882352941176471,0.5833333333333333,0.625
356,overcome,5,7,0.5789473684210527,0.5611111111111111,0.6888888888888889
357,overcome,5,8,0.7777777777777778,0.775,0.7375
358,overcome,5,9,0.7058823529411765,0.7152777777777778,0.625
359,overcome,5,10,0.6666666666666666,0.6875,0.7749999999999999
360,overcome,6,1,0.6666666666666666,0.5833333333333334,0.7361111111111112
361,overcome,6,2,0.7647058823529411,0.7166666666666667,0.7833333333333334
362,overcome,6,3,0.8333333333333334,0.8035714285714286,0.8035714285714286
363,overcome,6,4,0.6470588235294118,0.6388888888888888,0.7777777777777778
364,overcome,6,5,0.4117647058823529,0.4027777777777778,0.33333333333333337
365,overcome,6,6,0.5882352941176471,0.5681818181818181,0.6818181818181818
366,overcome,6,7,0.65,0.6666666666666667,0.7395833333333334
367,overcome,6,8,0.7222222222222222,0.75,0.7916666666666667
368,overcome,6,9,0.3888888888888889,0.375,0.4625
369,overcome,6,10,0.6666666666666666,0.6233766233766234,0.49350649350649345
370,overcome,7,1,0.7647058823529411,0.6666666666666666,0.8636363636363636
371,overcome,7,2,0.6470588235294118,0.5928571428571429,0.6428571428571428
372,overcome,7,3,0.6111111111111112,0.5875,0.7375
373,overcome,7,4,0.4444444444444444,0.425,0.55
374,overcome,7,5,0.6111111111111112,0.5833333333333333,0.75
375,overcome,7,6,0.5,0.28125,0.40625
376,overcome,7,7,0.6470588235294118,0.6458333333333333,0.6666666666666667
377,overcome,7,8,0.7,0.6458333333333333,0.6458333333333333
378,overcome,7,9,0.6666666666666666,0.65,0.6625000000000001
379,overcome,7,10,0.5882352941176471,0.6041666666666666,0.5555555555555556
380,overcome,8,1,0.6111111111111112,0.5875,0.5125
381,overcome,8,2,0.7222222222222222,0.5535714285714286,0.7142857142857143
382,overcome,8,3,0.5555555555555556,0.5,0.5694444444444444
383,overcome,8,4,0.5625,0.5158730158730158,0.746031746031746
384,overcome,8,5,0.6666666666666666,0.6666666666666666,0.7083333333333334
385,overcome,8,6,0.7222222222222222,0.7321428571428572,0.7142857142857143
386,overcome,8,7,0.5882352941176471,0.38461538461538464,0.5192307692307692
387,overcome,8,8,0.5882352941176471,0.6071428571428572,0.5285714285714287
388,overcome,8,9,0.65,0.65,0.73
389,overcome,8,10,0.7222222222222222,0.7467532467532467,0.8051948051948051
390,overcome,9,1,0.8125,0.8015873015873016,0.9047619047619047
391,overcome,9,2,0.6111111111111112,0.5416666666666666,0.6527777777777777
392,overcome,9,3,0.4444444444444444,0.4625,0.6125
393,overcome,9,4,0.7222222222222222,0.6666666666666667,0.75
394,overcome,9,5,0.6666666666666666,0.6493506493506493,0.7272727272727273
395,overcome,9,6,0.5294117647058824,0.48484848484848486,0.5303030303030303
396,overcome,9,7,0.8,0.8,0.91
397,overcome,9,8,0.5,0.5,0.5892857142857143
398,overcome,9,9,0.7222222222222222,0.7375,0.6375
399,overcome,9,10,0.6470588235294118,0.6826923076923077,0.7115384615384615
400,inception,0,1,0.6666666666666666,0.6375,0.825
401,inception,0,2,0.7777777777777778,0.7625,0.8125
402,inception,0,3,0.7222222222222222,0.75,0.8333333333333333
403,inception,0,4,0.7647058823529411,0.7357142857142858,0.7857142857142857
404,inception,0,5,0.6470588235294118,0.5961538461538461,0.5576923076923077
405,inception,0,6,0.7894736842105263,0.6,0.6428571428571429
406,inception,0,7,0.6666666666666666,0.6666666666666666,0.8641975308641976
407,inception,0,8,0.7222222222222222,0.625,0.611111111111111
408,inception,0,9,0.7777777777777778,0.7875,0.8625
409,inception,0,10,0.7058823529411765,0.7211538461538461,0.7884615384615384
410,inception,1,1,0.47058823529411764,0.4772727272727273,0.5151515151515151
411,inception,1,2,0.6666666666666666,0.6493506493506493,0.6753246753246753
412,inception,1,3,0.8888888888888888,0.8875,0.9625000000000001
413,inception,1,4,0.9411764705882353,0.875,0.8653846153846154
414,inception,1,5,0.55,0.6041666666666666,0.7291666666666666
415,inception,1,6,0.7222222222222222,0.5833333333333334,0.8055555555555556
416,inception,1,7,0.6111111111111112,0.5833333333333333,0.625
417,inception,1,8,0.6111111111111112,0.6375,0.75
418,inception,1,9,0.7647058823529411,0.7571428571428571,0.7142857142857142
419,inception,1,10,0.8823529411764706,0.75,0.923076923076923
420,inception,2,1,0.6111111111111112,0.48214285714285715,0.5535714285714286
421,inception,2,2,0.8333333333333334,0.8375,0.9375
422,inception,2,3,0.7222222222222222,0.7375,0.7374999999999999
423,inception,2,4,0.75,0.75,0.78125
424,inception,2,5,0.6111111111111112,0.625,0.7777777777777778
425,inception,2,6,0.8333333333333334,0.7615384615384615,0.7846153846153846
426,inception,2,7,0.7058823529411765,0.7727272727272727,0.7575757575757576
427,inception,2,8,0.7777777777777778,0.7678571428571428,0.9107142857142857
428,inception,2,9,0.8333333333333334,0.7916666666666666,0.8055555555555556
429,inception,2,10,0.6842105263157895,0.625,0.6363636363636364
430,inception,3,1,0.8235294117647058,0.8285714285714285,0.7857142857142857
431,inception,3,2,0.6111111111111112,0.6,0.575
432,inception,3,3,0.8333333333333334,0.825,0.9
433,inception,3,4,0.6470588235294118,0.6458333333333333,0.6388888888888888
434,inception,3,5,0.55,0.55,0.43000000000000005
435,inception,3,6,0.7777777777777778,0.6785714285714286,0.7321428571428572
436,inception,3,7,0.6470588235294118,0.6333333333333333,0.6833333333333333
437,inception,3,8,0.9444444444444444,0.9166666666666667,0.9444444444444445
438,inception,3,9,0.7777777777777778,0.7625,0.9
439,inception,3,10,0.47058823529411764,0.4015151515151515,0.48484848484848486
440,inception,4,1,0.8235294117647058,0.7980769230769231,0.8653846153846154
441,inception,4,2,0.7777777777777778,0.7678571428571428,0.7142857142857143
442,inception,4,3,0.7222222222222222,0.7125,0.7125
443,inception,4,4,0.8823529411764706,0.8888888888888888,0.9027777777777778
444,inception,4,5,0.7647058823529411,0.75,0.75
445,inception,4,6,0.65,0.5659340659340659,0.7032967032967032
446,inception,4,7,0.5,0.4107142857142857,0.3571428571428571
447,inception,4,8,0.7222222222222222,0.6666666666666667,0.6666666666666666
448,inception,4,9,0.7777777777777778,0.8333333333333333,0.875
449,inception,4,10,0.8235294117647058,0.8194444444444444,0.9027777777777778
450,inception,5,1,0.7647058823529411,0.7708333333333333,0.8611111111111112
451,inception,5,2,0.6111111111111112,0.48214285714285715,0.23214285714285715
452,inception,5,3,0.8333333333333334,0.7142857142857143,0.9107142857142857
453,inception,5,4,0.7222222222222222,0.40625,0.40625
454,inception,5,5,0.6111111111111112,0.5875,0.625
455,inception,5,6,0.8235294117647058,0.8125,0.8194444444444444
456,inception,5,7,0.5789473684210527,0.5722222222222222,0.6666666666666666
457,inception,5,8,0.8333333333333334,0.8125,0.9625000000000001
458,inception,5,9,0.5294117647058824,0.5347222222222222,0.5694444444444444
459,inception,5,10,0.6666666666666666,0.6875,0.775
460,inception,6,1,0.5555555555555556,0.5,0.5416666666666666
461,inception,6,2,0.7058823529411765,0.675,0.6166666666666667
462,inception,6,3,0.8333333333333334,0.8035714285714286,0.9464285714285715
463,inception,6,4,0.6470588235294118,0.6527777777777778,0.7916666666666666
464,inception,6,5,0.4117647058823529,0.4097222222222222,0.45833333333333337
465,inception,6,6,0.7647058823529411,0.7045454545454546,0.8181818181818181
466,inception,6,7,0.65,0.7083333333333334,0.6770833333333333
467,inception,6,8,0.8333333333333334,0.8333333333333334,0.9166666666666666
468,inception,6,9,0.8888888888888888,0.875,0.8750000000000001
469,inception,6,10,0.7222222222222222,0.6948051948051948,0.7272727272727273
470,inception,7,1,0.8823529411764706,0.9090909090909092,0.9696969696969696
471,inception,7,2,0.5294117647058824,0.5142857142857142,0.6142857142857143
472,inception,7,3,0.6111111111111112,0.5875,0.575
473,inception,7,4,0.5555555555555556,0.525,0.4624999999999999
474,inception,7,5,0.8333333333333334,0.875,0.9444444444444444
475,inception,7,6,0.7222222222222222,0.625,0.625
476,inception,7,7,0.7647058823529411,0.7638888888888888,0.7361111111111112
477,inception,7,8,0.7,0.6458333333333333,0.8541666666666666
478,inception,7,9,0.7222222222222222,0.7125,0.775
479,inception,7,10,0.5882352941176471,0.6041666666666666,0.8055555555555556
480,inception,8,1,0.4444444444444444,0.4125,0.3875
481,inception,8,2,0.8888888888888888,0.8392857142857143,0.9285714285714286
482,inception,8,3,0.7222222222222222,0.6666666666666667,0.7083333333333334
483,inception,8,4,0.5,0.4920634920634921,0.5555555555555556
484,inception,8,5,0.7222222222222222,0.7083333333333333,0.6805555555555556
485,inception,8,6,0.8333333333333334,0.8035714285714286,0.8035714285714285
486,inception,8,7,0.8823529411764706,0.8365384615384616,0.9615384615384616
487,inception,8,8,0.7647058823529411,0.8,0.7999999999999999
488,inception,8,9,0.65,0.65,0.72
489,inception,8,10,0.7222222222222222,0.7727272727272727,0.8181818181818181
490,inception,9,1,0.8125,0.8015873015873016,0.8095238095238095
491,inception,9,2,0.7777777777777778,0.7083333333333333,0.9027777777777778
492,inception,9,3,0.5555555555555556,0.5875,0.5375
493,inception,9,4,0.6666666666666666,0.7083333333333334,0.7916666666666666
494,inception,9,5,0.6666666666666666,0.6753246753246753,0.6623376623376623
495,inception,9,6,0.8823529411764706,0.8333333333333333,0.7575757575757576
496,inception,9,7,0.6,0.6,0.7599999999999999
497,inception,9,8,0.6666666666666666,0.5178571428571428,0.5892857142857143
498,inception,9,9,0.6666666666666666,0.7,0.7250000000000001
499,inception,9,10,0.8823529411764706,0.9230769230769231,0.9615384615384616
500,social_net,0,1,0.7777777777777778,0.775,0.9375
501,social_net,0,2,0.7222222222222222,0.7125,0.8500000000000001
502,social_net,0,3,0.7777777777777778,0.7083333333333333,0.8055555555555556
503,social_net,0,4,0.6470588235294118,0.6785714285714286,0.7285714285714285
504,social_net,0,5,0.7058823529411765,0.6346153846153846,0.6346153846153846
505,social_net,0,6,0.7894736842105263,0.6642857142857144,0.6571428571428571
506,social_net,0,7,0.8333333333333334,0.8333333333333333,0.8148148148148149
507,social_net,0,8,0.8888888888888888,0.875,0.9166666666666666
508,social_net,0,9,0.7777777777777778,0.8,0.8500000000000001
509,social_net,0,10,0.8823529411764706,0.9230769230769231,0.9230769230769231
510,social_net,1,1,0.6470588235294118,0.6515151515151515,0.7424242424242424
511,social_net,1,2,0.6111111111111112,0.577922077922078,0.6623376623376623
512,social_net,1,3,0.8888888888888888,0.8875,0.9624999999999999
513,social_net,1,4,0.8823529411764706,0.9230769230769231,0.9615384615384616
514,social_net,1,5,0.65,0.6875,0.5833333333333333
515,social_net,1,6,0.8333333333333334,0.7916666666666666,0.9583333333333334
516,social_net,1,7,0.7777777777777778,0.75,0.8333333333333333
517,social_net,1,8,0.6666666666666666,0.6875,0.6875
518,social_net,1,9,0.5882352941176471,0.6071428571428572,0.6428571428571428
519,social_net,1,10,0.8235294117647058,0.7115384615384616,0.8846153846153846
520,social_net,2,1,0.8333333333333334,0.625,0.5892857142857142
521,social_net,2,2,0.7777777777777778,0.75,0.9375
522,social_net,2,3,0.7222222222222222,0.725,0.85
523,social_net,2,4,0.625,0.625,0.828125
524,social_net,2,5,0.7777777777777778,0.75,0.6666666666666667
525,social_net,2,6,0.8333333333333334,0.7615384615384615,0.8
526,social_net,2,7,0.5882352941176471,0.6818181818181819,1.0
527,social_net,2,8,0.8333333333333334,0.8928571428571428,0.9642857142857143
528,social_net,2,9,0.8888888888888888,0.875,0.986111111111111
529,social_net,2,10,0.7894736842105263,0.7670454545454546,0.8181818181818181
530,social_net,3,1,0.8235294117647058,0.8071428571428572,0.9714285714285714
531,social_net,3,2,0.7222222222222222,0.7125,0.8125
532,social_net,3,3,0.7777777777777778,0.7625,0.9500000000000001
533,social_net,3,4,0.8235294117647058,0.8125,0.9027777777777778
534,social_net,3,5,0.55,0.55,0.43000000000000005
535,social_net,3,6,0.6111111111111112,0.48214285714285715,0.625
536,social_net,3,7,0.7058823529411765,0.6166666666666667,0.6833333333333333
537,social_net,3,8,0.8333333333333334,0.75,0.9305555555555556
538,social_net,3,9,0.6666666666666666,0.65,0.8375
539,social_net,3,10,0.7058823529411765,0.696969696969697,0.6363636363636364
540,social_net,4,1,0.8823529411764706,0.75,0.7692307692307692
541,social_net,4,2,0.7777777777777778,0.5892857142857143,0.7142857142857142
542,social_net,4,3,0.5555555555555556,0.5375,0.55
543,social_net,4,4,0.7647058823529411,0.7777777777777778,0.9444444444444444
544,social_net,4,5,0.5294117647058824,0.5208333333333333,0.6527777777777778
545,social_net,4,6,0.7,0.6703296703296704,0.6483516483516483
546,social_net,4,7,0.7222222222222222,0.6428571428571428,0.7142857142857143
547,social_net,4,8,0.8888888888888888,0.8333333333333333,0.8194444444444444
548,social_net,4,9,0.7777777777777778,0.8333333333333333,1.0
549,social_net,4,10,0.9411764705882353,0.9375,0.986111111111111
550,social_net,5,1,0.8235294117647058,0.8125,0.8472222222222222
551,social_net,5,2,0.7777777777777778,0.6785714285714286,0.8392857142857143
552,social_net,5,3,0.8888888888888888,0.8392857142857143,0.9464285714285714
553,social_net,5,4,0.8333333333333334,0.6875,0.6875
554,social_net,5,5,0.5555555555555556,0.55,0.675
555,social_net,5,6,0.5882352941176471,0.5763888888888888,0.6944444444444444
556,social_net,5,7,0.7368421052631579,0.7333333333333334,0.7
557,social_net,5,8,0.7777777777777778,0.75,0.9624999999999999
558,social_net,5,9,0.5882352941176471,0.5902777777777778,0.6805555555555556
559,social_net,5,10,0.7777777777777778,0.8,0.975
560,social_net,6,1,0.8333333333333334,0.7916666666666666,0.9027777777777779
561,social_net,6,2,0.7058823529411765,0.7333333333333334,0.7000000000000001
562,social_net,6,3,0.8333333333333334,0.7142857142857143,0.9285714285714286
563,social_net,6,4,0.8235294117647058,0.8194444444444444,0.9305555555555555
564,social_net,6,5,0.5294117647058824,0.5138888888888888,0.6388888888888888
565,social_net,6,6,0.8235294117647058,0.8257575757575758,0.9696969696969696
566,social_net,6,7,0.7,0.75,0.78125
567,social_net,6,8,0.9444444444444444,0.9583333333333333,0.986111111111111
568,social_net,6,9,0.7222222222222222,0.6875,0.775
569,social_net,6,10,0.8888888888888888,0.8831168831168831,0.8961038961038961
570,social_net,7,1,0.7647058823529411,0.7803030303030303,0.9090909090909092
571,social_net,7,2,0.7647058823529411,0.7357142857142858,0.9142857142857143
572,social_net,7,3,0.6666666666666666,0.625,0.675
573,social_net,7,4,0.7222222222222222,0.7,0.8375000000000001
574,social_net,7,5,0.7777777777777778,0.6666666666666666,0.7638888888888888
575,social_net,7,6,0.7222222222222222,0.625,0.78125
576,social_net,7,7,0.7647058823529411,0.7708333333333333,0.8333333333333334
577,social_net,7,8,0.8,0.7916666666666667,0.8229166666666667
578,social_net,7,9,0.7777777777777778,0.75,0.8374999999999999
579,social_net,7,10,0.7058823529411765,0.7152777777777778,0.625
580,social_net,8,1,0.7222222222222222,0.7,0.7999999999999999
581,social_net,8,2,0.8333333333333334,0.8035714285714286,0.8571428571428572
582,social_net,8,3,0.8888888888888888,0.8333333333333333,0.9166666666666667
583,social_net,8,4,0.625,0.6349206349206349,0.7301587301587302
584,social_net,8,5,0.7222222222222222,0.625,0.7638888888888888
585,social_net,8,6,0.7777777777777778,0.6785714285714286,0.7142857142857142
586,social_net,8,7,0.7647058823529411,0.7596153846153846,0.9230769230769231
587,social_net,8,8,0.7058823529411765,0.7285714285714285,0.9285714285714286
588,social_net,8,9,0.65,0.65,0.7100000000000001
589,social_net,8,10,0.7777777777777778,0.7922077922077921,0.8181818181818181
590,social_net,9,1,0.875,0.8571428571428572,0.7936507936507936
591,social_net,9,2,0.7777777777777778,0.75,0.7361111111111112
592,social_net,9,3,0.6666666666666666,0.6875,0.875
593,social_net,9,4,0.7777777777777778,0.75,0.7361111111111112
594,social_net,9,5,0.7777777777777778,0.7922077922077921,0.8701298701298701
595,social_net,9,6,0.8235294117647058,0.7878787878787878,0.7878787878787878
596,social_net,9,7,0.7,0.7,0.71
597,social_net,9,8,0.9444444444444444,0.875,1.0
598,social_net,9,9,0.7777777777777778,0.8,1.0
599,social_net,9,10,0.8823529411764706,0.8365384615384616,0.9423076923076924
600,oceans_11,0,1,0.7777777777777778,0.775,0.8875
601,oceans_11,0,2,0.8333333333333334,0.825,0.8500000000000001
602,oceans_11,0,3,0.3888888888888889,0.41666666666666663,0.4444444444444444
603,oceans_11,0,4,0.5882352941176471,0.5642857142857143,0.6285714285714286
604,oceans_11,0,5,0.7058823529411765,0.5480769230769231,0.5576923076923077
605,oceans_11,0,6,0.5789473684210527,0.4571428571428572,0.35714285714285715
606,oceans_11,0,7,0.6666666666666666,0.6666666666666667,0.8395061728395061
607,oceans_11,0,8,0.6111111111111112,0.5833333333333333,0.7083333333333334
608,oceans_11,0,9,0.7222222222222222,0.7375,0.8375
609,oceans_11,0,10,0.47058823529411764,0.3942307692307692,0.5769230769230769
610,oceans_11,1,1,0.7647058823529411,0.8181818181818181,0.8787878787878788
611,oceans_11,1,2,0.7777777777777778,0.7662337662337663,0.8571428571428572
612,oceans_11,1,3,0.5,0.5,0.7125
613,oceans_11,1,4,0.7647058823529411,0.7596153846153846,0.8846153846153847
614,oceans_11,1,5,0.55,0.5833333333333334,0.5833333333333333
615,oceans_11,1,6,0.5,0.45833333333333337,0.5
616,oceans_11,1,7,0.6111111111111112,0.5833333333333333,0.5555555555555556
617,oceans_11,1,8,0.6111111111111112,0.6375,0.8374999999999999
618,oceans_11,1,9,0.7058823529411765,0.6857142857142857,0.6428571428571428
619,oceans_11,1,10,0.7647058823529411,0.7596153846153846,0.846153846153846
620,oceans_11,2,1,0.6111111111111112,0.48214285714285715,0.4642857142857143
621,oceans_11,2,2,0.7222222222222222,0.725,0.8875
622,oceans_11,2,3,0.6666666666666666,0.65,0.7375
623,oceans_11,2,4,0.75,0.75,0.734375
624,oceans_11,2,5,0.6666666666666666,0.625,0.6111111111111112
625,oceans_11,2,6,0.9444444444444444,0.9615384615384616,0.9538461538461539
626,oceans_11,2,7,0.47058823529411764,0.553030303030303,0.7272727272727273
627,oceans_11,2,8,0.8333333333333334,0.8035714285714286,0.9285714285714286
628,oceans_11,2,9,0.7777777777777778,0.6666666666666666,0.7916666666666667
629,oceans_11,2,10,0.631578947368421,0.6136363636363636,0.6477272727272727
630,oceans_11,3,1,0.6470588235294118,0.6357142857142857,0.7571428571428571
631,oceans_11,3,2,0.6666666666666666,0.65,0.7375
632,oceans_11,3,3,0.7777777777777778,0.775,0.825
633,oceans_11,3,4,0.6470588235294118,0.6597222222222222,0.763888888888889
634,oceans_11,3,5,0.45,0.44999999999999996,0.43
635,oceans_11,3,6,0.6666666666666666,0.6071428571428572,0.5357142857142857
636,oceans_11,3,7,0.5882352941176471,0.5333333333333333,0.7333333333333333
637,oceans_11,3,8,0.8333333333333334,0.875,0.9027777777777778
638,oceans_11,3,9,0.7222222222222222,0.725,0.7875000000000001
639,oceans_11,3,10,0.5882352941176471,0.606060606060606,0.5909090909090909
640,oceans_11,4,1,0.7647058823529411,0.7596153846153846,0.673076923076923
641,oceans_11,4,2,0.7777777777777778,0.8571428571428572,0.8928571428571428
642,oceans_11,4,3,0.6666666666666666,0.675,0.6375000000000001
643,oceans_11,4,4,0.7058823529411765,0.7083333333333333,0.8472222222222222
644,oceans_11,4,5,0.7058823529411765,0.6944444444444444,0.6944444444444444
645,oceans_11,4,6,0.55,0.489010989010989,0.5384615384615384
646,oceans_11,4,7,0.6666666666666666,0.6071428571428572,0.6785714285714285
647,oceans_11,4,8,0.6111111111111112,0.5833333333333333,0.5555555555555556
648,oceans_11,4,9,0.7777777777777778,0.7916666666666667,0.9305555555555556
649,oceans_11,4,10,0.7647058823529411,0.7569444444444444,0.875
650,oceans_11,5,1,0.6470588235294118,0.6388888888888888,0.625
651,oceans_11,5,2,0.8333333333333334,0.8035714285714286,0.9107142857142857
652,oceans_11,5,3,0.8333333333333334,0.8035714285714286,0.8035714285714286
653,oceans_11,5,4,0.6111111111111112,0.5625,0.59375
654,oceans_11,5,5,0.5555555555555556,0.55,0.65
655,oceans_11,5,6,0.7647058823529411,0.7569444444444444,0.8333333333333334
656,oceans_11,5,7,0.7894736842105263,0.7944444444444444,0.7777777777777777
657,oceans_11,5,8,0.7777777777777778,0.7625,0.825
658,oceans_11,5,9,0.5294117647058824,0.5347222222222222,0.6388888888888888
659,oceans_11,5,10,0.5,0.525,0.5625
660,oceans_11,6,1,0.6666666666666666,0.6666666666666666,0.7638888888888888
661,oceans_11,6,2,0.7058823529411765,0.7333333333333334,0.7166666666666667
662,oceans_11,6,3,0.6666666666666666,0.6071428571428572,0.6607142857142858
663,oceans_11,6,4,0.7058823529411765,0.7013888888888888,0.6944444444444444
664,oceans_11,6,5,0.47058823529411764,0.4652777777777778,0.3472222222222222
665,oceans_11,6,6,0.6470588235294118,0.5757575757575758,0.8484848484848485
666,oceans_11,6,7,0.8,0.8333333333333333,0.84375
667,oceans_11,6,8,0.7777777777777778,0.75,0.7916666666666667
668,oceans_11,6,9,0.8333333333333334,0.825,0.9125
669,oceans_11,6,10,0.6111111111111112,0.577922077922078,0.7792207792207791
670,oceans_11,7,1,0.6470588235294118,0.6515151515151515,0.7272727272727273
671,oceans_11,7,2,0.7058823529411765,0.6857142857142857,0.8571428571428571
672,oceans_11,7,3,0.6666666666666666,0.6375,0.7375
673,oceans_11,7,4,0.5555555555555556,0.5125,0.75
674,oceans_11,7,5,0.7222222222222222,0.75,0.8472222222222221
675,oceans_11,7,6,0.5555555555555556,0.3125,0.28125
676,oceans_11,7,7,0.7058823529411765,0.7013888888888888,0.6666666666666667
677,oceans_11,7,8,0.75,0.7291666666666667,0.7916666666666666
678,oceans_11,7,9,0.7222222222222222,0.7375,0.8875
679,oceans_11,7,10,0.5882352941176471,0.6041666666666666,0.6666666666666666
680,oceans_11,8,1,0.6111111111111112,0.5875,0.7875
681,oceans_11,8,2,0.7777777777777778,0.7678571428571428,0.8749999999999999
682,oceans_11,8,3,0.7777777777777778,0.7916666666666667,0.8888888888888888
683,oceans_11,8,4,0.625,0.6190476190476191,0.6507936507936508
684,oceans_11,8,5,0.6111111111111112,0.5833333333333333,0.6111111111111112
685,oceans_11,8,6,0.6111111111111112,0.75,0.6785714285714286
686,oceans_11,8,7,0.8235294117647058,0.7980769230769231,0.9038461538461539
687,oceans_11,8,8,0.6470588235294118,0.6571428571428571,0.6428571428571429
688,oceans_11,8,9,0.75,0.75,0.75
689,oceans_11,8,10,0.6666666666666666,0.7272727272727273,0.8831168831168831
690,oceans_11,9,1,0.8125,0.8333333333333333,0.9206349206349207
691,oceans_11,9,2,0.8333333333333334,0.7916666666666666,0.8611111111111112
692,oceans_11,9,3,0.5,0.5375,0.525
693,oceans_11,9,4,0.6666666666666666,0.625,0.7361111111111112
694,oceans_11,9,5,0.6666666666666666,0.7012987012987013,0.8181818181818181
695,oceans_11,9,6,0.8235294117647058,0.7878787878787878,0.7272727272727272
696,oceans_11,9,7,0.65,0.6499999999999999,0.61
697,oceans_11,9,8,0.6111111111111112,0.5714285714285714,0.7142857142857143
698,oceans_11,9,9,0.4444444444444444,0.4625,0.5125
699,oceans_11,9,10,0.7058823529411765,0.7211538461538461,0.826923076923077
700,flower,0,1,0.7222222222222222,0.7125,0.8624999999999999
701,flower,0,2,0.7222222222222222,0.7125,0.675
702,flower,0,3,0.7777777777777778,0.6666666666666666,0.8472222222222222
703,flower,0,4,0.4117647058823529,0.41428571428571426,0.4857142857142857
704,flower,0,5,0.8235294117647058,0.7980769230769231,0.9230769230769231
705,flower,0,6,0.7368421052631579,0.6928571428571428,0.6714285714285715
706,flower,0,7,0.7777777777777778,0.7777777777777777,0.9135802469135803
707,flower,0,8,0.8333333333333334,0.7916666666666666,0.9027777777777778
708,flower,0,9,0.6666666666666666,0.6875,0.875
709,flower,0,10,0.47058823529411764,0.3942307692307692,0.34615384615384615
710,flower,1,1,0.7058823529411765,0.6590909090909092,0.6515151515151515
711,flower,1,2,0.5555555555555556,0.5064935064935066,0.46753246753246747
712,flower,1,3,0.7222222222222222,0.7,0.725
713,flower,1,4,0.8235294117647058,0.7980769230769231,0.9326923076923077
714,flower,1,5,0.55,0.5833333333333334,0.7395833333333334
715,flower,1,6,0.7777777777777778,0.75,0.8611111111111112
716,flower,1,7,0.6111111111111112,0.5,0.6944444444444444
717,flower,1,8,0.8333333333333334,0.85,0.9625
718,flower,1,9,0.7647058823529411,0.7357142857142858,0.8857142857142857
719,flower,1,10,0.5294117647058824,0.4326923076923077,0.5769230769230769
720,flower,2,1,0.6666666666666666,0.42857142857142855,0.48214285714285715
721,flower,2,2,0.7777777777777778,0.7875,0.7875
722,flower,2,3,0.5,0.5125,0.65
723,flower,2,4,0.875,0.875,0.828125
724,flower,2,5,0.7777777777777778,0.7083333333333333,0.736111111111111
725,flower,2,6,0.5555555555555556,0.4461538461538461,0.7076923076923077
726,flower,2,7,0.6470588235294118,0.6515151515151515,0.7272727272727273
727,flower,2,8,0.9444444444444444,0.9642857142857143,0.9821428571428572
728,flower,2,9,0.7222222222222222,0.7083333333333333,0.8055555555555556
729,flower,2,10,0.5263157894736842,0.4715909090909091,0.7045454545454545
730,flower,3,1,0.7058823529411765,0.7071428571428571,0.7142857142857142
731,flower,3,2,0.7222222222222222,0.6875,0.7875000000000001
732,flower,3,3,0.7777777777777778,0.7625,0.825
733,flower,3,4,0.7058823529411765,0.6944444444444444,0.8333333333333333
734,flower,3,5,0.7,0.7,0.75
735,flower,3,6,0.8333333333333334,0.7142857142857143,0.7678571428571429
736,flower,3,7,0.6470588235294118,0.6333333333333333,0.7499999999999999
737,flower,3,8,0.7222222222222222,0.7083333333333333,0.8055555555555555
738,flower,3,9,0.7777777777777778,0.775,0.9125000000000001
739,flower,3,10,0.6470588235294118,0.6136363636363636,0.7878787878787878
740,flower,4,1,0.7058823529411765,0.5480769230769231,0.6923076923076923
741,flower,4,2,0.6666666666666666,0.6964285714285714,0.8035714285714286
742,flower,4,3,0.4444444444444444,0.4375,0.4625
743,flower,4,4,0.5294117647058824,0.5347222222222222,0.5694444444444444
744,flower,4,5,0.7058823529411765,0.7013888888888888,0.7083333333333334
745,flower,4,6,0.65,0.532967032967033,0.5494505494505494
746,flower,4,7,0.8333333333333334,0.8035714285714286,0.8928571428571428
747,flower,4,8,0.7777777777777778,0.7083333333333333,0.8194444444444444
748,flower,4,9,0.8333333333333334,0.875,0.9444444444444445
749,flower,4,10,0.5294117647058824,0.5138888888888888,0.5972222222222222
750,flower,5,1,0.5882352941176471,0.5902777777777778,0.7222222222222222
751,flower,5,2,0.8888888888888888,0.8392857142857143,0.9821428571428572
752,flower,5,3,0.8333333333333334,0.8035714285714286,0.9285714285714286
753,flower,5,4,0.6111111111111112,0.34375,0.25
754,flower,5,5,0.7222222222222222,0.7,0.85
755,flower,5,6,0.8235294117647058,0.8194444444444444,0.9583333333333333
756,flower,5,7,0.5789473684210527,0.5666666666666667,0.6666666666666666
757,flower,5,8,0.5555555555555556,0.5375,0.7125
758,flower,5,9,0.7647058823529411,0.7638888888888888,0.8055555555555556
759,flower,5,10,0.3888888888888889,0.4125,0.4875
760,flower,6,1,0.6111111111111112,0.7083333333333334,0.6527777777777778
761,flower,6,2,0.7647058823529411,0.775,0.8583333333333334
762,flower,6,3,0.7777777777777778,0.6785714285714286,0.6964285714285714
763,flower,6,4,0.8823529411764706,0.875,0.986111111111111
764,flower,6,5,0.5294117647058824,0.5138888888888888,0.5
765,flower,6,6,0.7647058823529411,0.7424242424242424,0.6818181818181818
766,flower,6,7,0.65,0.7083333333333334,0.8229166666666667
767,flower,6,8,0.6666666666666666,0.6666666666666666,0.7916666666666666
768,flower,6,9,0.6666666666666666,0.6625,0.85
769,flower,6,10,0.7222222222222222,0.6948051948051948,0.7402597402597402
770,flower,7,1,0.9411764705882353,0.9545454545454546,0.9393939393939393
771,flower,7,2,0.8235294117647058,0.7857142857142857,0.8999999999999999
772,flower,7,3,0.6111111111111112,0.6,0.5625
773,flower,7,4,0.7222222222222222,0.7,0.7875
774,flower,7,5,0.6666666666666666,0.6666666666666666,0.736111111111111
775,flower,7,6,0.6666666666666666,0.8125,0.875
776,flower,7,7,0.7058823529411765,0.6944444444444444,0.7083333333333333
777,flower,7,8,0.7,0.6666666666666667,0.8020833333333334
778,flower,7,9,0.7777777777777778,0.775,0.8500000000000001
779,flower,7,10,0.5882352941176471,0.5972222222222222,0.6388888888888888
780,flower,8,1,0.6666666666666666,0.6375,0.65
781,flower,8,2,0.6111111111111112,0.5714285714285714,0.8214285714285714
782,flower,8,3,0.7222222222222222,0.6666666666666667,0.8333333333333333
783,flower,8,4,0.8125,0.7857142857142857,0.7936507936507937
784,flower,8,5,0.5555555555555556,0.5,0.6944444444444444
785,flower,8,6,0.6666666666666666,0.7857142857142857,0.875
786,flower,8,7,0.7647058823529411,0.7596153846153846,0.7884615384615384
787,flower,8,8,0.8235294117647058,0.85,0.9142857142857143
788,flower,8,9,0.7,0.7,0.8700000000000001
789,flower,8,10,0.6111111111111112,0.6558441558441558,0.7272727272727273
790,flower,9,1,0.4375,0.42063492063492064,0.6031746031746033
791,flower,9,2,0.6111111111111112,0.5,0.6666666666666666
792,flower,9,3,0.5555555555555556,0.5875,0.7625
793,flower,9,4,0.6111111111111112,0.5833333333333333,0.7083333333333334
794,flower,9,5,0.6666666666666666,0.6493506493506493,0.6753246753246753
795,flower,9,6,0.7058823529411765,0.6590909090909092,0.7727272727272727
796,flower,9,7,0.4,0.4,0.47
797,flower,9,8,0.8333333333333334,0.8035714285714286,0.8928571428571428
798,flower,9,9,0.8333333333333334,0.8375,0.9
799,flower,9,10,0.7647058823529411,0.6730769230769231,0.8846153846153846
800,hotel,0,1,0.6666666666666666,0.6625,0.775
801,hotel,0,2,0.7777777777777778,0.75,0.7000000000000001
802,hotel,0,3,0.7222222222222222,0.75,0.7361111111111112
803,hotel,0,4,0.5294117647058824,0.5357142857142857,0.6428571428571429
804,hotel,0,5,0.7058823529411765,0.7211538461538461,0.7307692307692308
805,hotel,0,6,0.5789473684210527,0.5214285714285715,0.5285714285714286
806,hotel,0,7,0.6666666666666666,0.6666666666666666,0.7160493827160493
807,hotel,0,8,0.8888888888888888,0.875,0.9444444444444444
808,hotel,0,9,0.6666666666666666,0.6625,0.71875
809,hotel,0,10,0.8823529411764706,0.8365384615384616,0.8653846153846154
810,hotel,1,1,0.6470588235294118,0.6515151515151515,0.803030303030303
811,hotel,1,2,0.6111111111111112,0.577922077922078,0.5974025974025974
812,hotel,1,3,0.6111111111111112,0.5875,0.8375
813,hotel,1,4,0.5882352941176471,0.5576923076923077,0.6730769230769231
814,hotel,1,5,0.6,0.625,0.7916666666666667
815,hotel,1,6,0.5,0.45833333333333337,0.40277777777777773
816,hotel,1,7,0.6111111111111112,0.5833333333333333,0.625
817,hotel,1,8,0.5555555555555556,0.5625,0.5625
818,hotel,1,9,0.6470588235294118,0.6357142857142857,0.7285714285714286
819,hotel,1,10,0.7647058823529411,0.7596153846153846,0.8076923076923077
820,hotel,2,1,0.7777777777777778,0.6785714285714286,0.48214285714285715
821,hotel,2,2,0.5,0.4875,0.7125
822,hotel,2,3,0.6666666666666666,0.65,0.7000000000000001
823,hotel,2,4,0.5625,0.5625,0.671875
824,hotel,2,5,0.7777777777777778,0.75,0.8333333333333334
825,hotel,2,6,0.6111111111111112,0.48461538461538467,0.6307692307692307
826,hotel,2,7,0.5294117647058824,0.5606060606060606,0.6818181818181818
827,hotel,2,8,0.6111111111111112,0.6607142857142857,0.8571428571428571
828,hotel,2,9,0.6111111111111112,0.5833333333333333,0.7777777777777779
829,hotel,2,10,0.631578947368421,0.6306818181818181,0.7159090909090909
830,hotel,3,1,0.7647058823529411,0.7357142857142858,0.8571428571428572
831,hotel,3,2,0.6111111111111112,0.5875,0.5
832,hotel,3,3,0.8333333333333334,0.8125,0.8875
833,hotel,3,4,0.5294117647058824,0.5208333333333333,0.6944444444444444
834,hotel,3,5,0.6,0.6000000000000001,0.81
835,hotel,3,6,0.8333333333333334,0.7142857142857143,0.5
836,hotel,3,7,0.5882352941176471,0.5916666666666667,0.6083333333333334
837,hotel,3,8,0.6666666666666666,0.7083333333333334,0.6597222222222223
838,hotel,3,9,0.6666666666666666,0.6875,0.725
839,hotel,3,10,0.7058823529411765,0.7348484848484849,0.7424242424242424
840,hotel,4,1,0.8235294117647058,0.7980769230769231,0.8461538461538461
841,hotel,4,2,0.6666666666666666,0.7857142857142857,0.7142857142857142
842,hotel,4,3,0.7777777777777778,0.7625,0.6625
843,hotel,4,4,0.6470588235294118,0.6527777777777778,0.8333333333333334
844,hotel,4,5,0.5882352941176471,0.5833333333333333,0.6111111111111112
845,hotel,4,6,0.5,0.48351648351648346,0.4725274725274725
846,hotel,4,7,0.8888888888888888,0.8392857142857143,0.9642857142857143
847,hotel,4,8,0.6111111111111112,0.5416666666666666,0.7222222222222222
848,hotel,4,9,0.6666666666666666,0.7083333333333334,0.8611111111111112
849,hotel,4,10,0.7058823529411765,0.7013888888888888,0.8333333333333333
850,hotel,5,1,0.5294117647058824,0.5208333333333333,0.6944444444444444
851,hotel,5,2,0.6111111111111112,0.75,0.9464285714285715
852,hotel,5,3,0.9444444444444444,0.875,0.9285714285714286
853,hotel,5,4,0.6111111111111112,0.34375,0.28125
854,hotel,5,5,0.6111111111111112,0.6,0.6625
855,hotel,5,6,0.6470588235294118,0.6388888888888888,0.5972222222222222
856,hotel,5,7,0.7368421052631579,0.7333333333333334,0.7888888888888889
857,hotel,5,8,0.6111111111111112,0.6125,0.75
858,hotel,5,9,0.5294117647058824,0.5416666666666666,0.5833333333333333
859,hotel,5,10,0.6111111111111112,0.6375,0.6375
860,hotel,6,1,0.7222222222222222,0.75,0.7361111111111112
861,hotel,6,2,0.8823529411764706,0.8583333333333334,0.8666666666666667
862,hotel,6,3,0.6666666666666666,0.42857142857142855,0.375
863,hotel,6,4,0.7647058823529411,0.7638888888888888,0.8055555555555556
864,hotel,6,5,0.47058823529411764,0.4722222222222222,0.5277777777777778
865,hotel,6,6,0.4117647058823529,0.46969696969696967,0.6363636363636362
866,hotel,6,7,0.55,0.5833333333333334,0.75
867,hotel,6,8,0.8333333333333334,0.7916666666666666,0.9305555555555556
868,hotel,6,9,0.6666666666666666,0.6625,0.675
869,hotel,6,10,0.6666666666666666,0.6753246753246753,0.7272727272727272
870,hotel,7,1,0.6470588235294118,0.6136363636363636,0.8181818181818182
871,hotel,7,2,0.7647058823529411,0.7357142857142858,0.9142857142857144
872,hotel,7,3,0.6111111111111112,0.575,0.525
873,hotel,7,4,0.7777777777777778,0.7625,0.8625
874,hotel,7,5,0.6666666666666666,0.5416666666666666,0.8333333333333333
875,hotel,7,6,0.3333333333333333,0.40625,0.25
876,hotel,7,7,0.6470588235294118,0.6319444444444444,0.6944444444444444
877,hotel,7,8,0.65,0.625,0.71875
878,hotel,7,9,0.5555555555555556,0.55,0.6375000000000001
879,hotel,7,10,0.6470588235294118,0.6527777777777778,0.8055555555555556
880,hotel,8,1,0.7777777777777778,0.775,0.8250000000000001
881,hotel,8,2,0.8888888888888888,0.8392857142857143,0.9107142857142857
882,hotel,8,3,0.7777777777777778,0.7916666666666667,0.7638888888888888
883,hotel,8,4,0.6875,0.6587301587301587,0.6825396825396826
884,hotel,8,5,0.7222222222222222,0.7083333333333333,0.7361111111111112
885,hotel,8,6,0.5,0.5,0.4642857142857143
886,hotel,8,7,0.8235294117647058,0.8846153846153846,1.0
887,hotel,8,8,0.5294117647058824,0.5571428571428572,0.5714285714285714
888,hotel,8,9,0.6,0.6000000000000001,0.72
889,hotel,8,10,0.5555555555555556,0.6103896103896104,0.7272727272727273
890,hotel,9,1,0.6875,0.6746031746031746,0.7142857142857143
891,hotel,9,2,0.7222222222222222,0.625,0.8333333333333335
892,hotel,9,3,0.5555555555555556,0.5875,0.65
893,hotel,9,4,0.7777777777777778,0.75,0.7916666666666667
894,hotel,9,5,0.7777777777777778,0.7662337662337663,0.7792207792207793
895,hotel,9,6,0.7058823529411765,0.696969696969697,0.5303030303030303
896,hotel,9,7,0.6,0.6,0.74
897,hotel,9,8,0.6111111111111112,0.5714285714285714,0.6607142857142857
898,hotel,9,9,0.6111111111111112,0.6125,0.5875
899,hotel,9,10,0.6470588235294118,0.6826923076923077,0.5576923076923077
900,garden,0,1,0.8888888888888888,0.875,1.0
901,garden,0,2,0.9444444444444444,0.95,0.9750000000000001
902,garden,0,3,0.5555555555555556,0.5833333333333333,0.6944444444444444
903,garden,0,4,0.4117647058823529,0.4357142857142857,0.6285714285714286
904,garden,0,5,0.7647058823529411,0.6730769230769231,0.8846153846153846
905,garden,0,6,0.7894736842105263,0.7928571428571429,0.7857142857142857
906,garden,0,7,0.6666666666666666,0.6666666666666666,0.7037037037037037
907,garden,0,8,0.7777777777777778,0.7083333333333333,0.6111111111111112
908,garden,0,9,0.5555555555555556,0.5625,0.625
909,garden,0,10,0.7647058823529411,0.7596153846153846,0.8846153846153846
910,garden,1,1,0.7647058823529411,0.7803030303030303,0.7272727272727273
911,garden,1,2,0.5555555555555556,0.5584415584415584,0.6753246753246753
912,garden,1,3,0.7222222222222222,0.7,0.7875000000000001
913,garden,1,4,0.7647058823529411,0.8461538461538461,0.9423076923076923
914,garden,1,5,0.75,0.7708333333333333,0.78125
915,garden,1,6,0.6666666666666666,0.6666666666666666,0.7638888888888888
916,garden,1,7,0.7777777777777778,0.75,0.763888888888889
917,garden,1,8,0.5555555555555556,0.575,0.6125
918,garden,1,9,0.9411764705882353,0.95,1.0
919,garden,1,10,0.8235294117647058,0.7115384615384616,0.826923076923077
920,garden,2,1,0.7777777777777778,0.6785714285714286,0.625
921,garden,2,2,0.7222222222222222,0.7375,0.75
922,garden,2,3,0.6111111111111112,0.625,0.7375
923,garden,2,4,0.75,0.75,0.8125
924,garden,2,5,0.6111111111111112,0.5416666666666666,0.6111111111111112
925,garden,2,6,0.6111111111111112,0.5461538461538462,0.5692307692307692
926,garden,2,7,0.7647058823529411,0.7803030303030303,0.7424242424242424
927,garden,2,8,0.8888888888888888,0.8392857142857143,0.7857142857142858
928,garden,2,9,0.8333333333333334,0.7916666666666666,0.9583333333333334
929,garden,2,10,0.7894736842105263,0.7840909090909092,0.7613636363636362
930,garden,3,1,0.9411764705882353,0.95,0.9142857142857143
931,garden,3,2,0.6666666666666666,0.6625,0.775
932,garden,3,3,0.6666666666666666,0.6375,0.8875
933,garden,3,4,0.7058823529411765,0.7152777777777778,0.7361111111111112
934,garden,3,5,0.75,0.75,0.8300000000000001
935,garden,3,6,0.7222222222222222,0.5535714285714286,0.5535714285714285
936,garden,3,7,0.29411764705882354,0.325,0.38333333333333336
937,garden,3,8,0.8888888888888888,0.9166666666666667,0.8472222222222222
938,garden,3,9,0.7777777777777778,0.775,0.875
939,garden,3,10,0.7647058823529411,0.7424242424242424,0.7272727272727272
940,garden,4,1,0.7647058823529411,0.5865384615384616,0.7884615384615385
941,garden,4,2,0.7222222222222222,0.7321428571428572,0.8035714285714286
942,garden,4,3,0.8333333333333334,0.825,0.7875
943,garden,4,4,0.7058823529411765,0.7222222222222222,0.8888888888888888
944,garden,4,5,0.7647058823529411,0.7708333333333333,0.8472222222222223
945,garden,4,6,0.7,0.6703296703296704,0.8571428571428571
946,garden,4,7,0.7222222222222222,0.5535714285714286,0.625
947,garden,4,8,0.6111111111111112,0.5833333333333333,0.6111111111111112
948,garden,4,9,0.8888888888888888,0.9166666666666667,0.9444444444444444
949,garden,4,10,0.7647058823529411,0.7638888888888888,0.8888888888888888
950,garden,5,1,0.4117647058823529,0.41666666666666663,0.5416666666666666
951,garden,5,2,0.7777777777777778,0.7678571428571428,0.625
952,garden,5,3,0.7222222222222222,0.5535714285714286,0.8392857142857143
953,garden,5,4,0.7222222222222222,0.625,0.8125
954,garden,5,5,0.7222222222222222,0.7125,0.7999999999999999
955,garden,5,6,0.7058823529411765,0.7083333333333333,0.8472222222222222
956,garden,5,7,0.6842105263157895,0.6888888888888889,0.7444444444444445
957,garden,5,8,0.8888888888888888,0.8875,0.9875
958,garden,5,9,0.7058823529411765,0.7222222222222222,0.625
959,garden,5,10,0.7222222222222222,0.75,0.7124999999999999
960,garden,6,1,0.8333333333333334,0.7916666666666666,0.861111111111111
961,garden,6,2,0.6470588235294118,0.6916666666666667,0.7833333333333332
962,garden,6,3,0.7777777777777778,0.8571428571428572,0.8571428571428572
963,garden,6,4,0.7058823529411765,0.7013888888888888,0.763888888888889
964,garden,6,5,0.4117647058823529,0.3958333333333333,0.5833333333333334
965,garden,6,6,0.8235294117647058,0.8257575757575758,0.8636363636363636
966,garden,6,7,0.95,0.9375,0.8854166666666666
967,garden,6,8,0.7777777777777778,0.7916666666666667,0.763888888888889
968,garden,6,9,0.6111111111111112,0.575,0.5375
969,garden,6,10,0.7222222222222222,0.6688311688311688,0.7012987012987013
970,garden,7,1,0.8235294117647058,0.7878787878787878,0.8181818181818182
971,garden,7,2,0.7647058823529411,0.7142857142857143,0.9142857142857141
972,garden,7,3,0.7222222222222222,0.7125,0.825
973,garden,7,4,0.6111111111111112,0.6125,0.675
974,garden,7,5,0.8888888888888888,0.875,0.9305555555555556
975,garden,7,6,0.7222222222222222,0.625,0.65625
976,garden,7,7,0.6470588235294118,0.6597222222222222,0.7916666666666666
977,garden,7,8,0.8,0.7916666666666667,0.7708333333333334
978,garden,7,9,0.6666666666666666,0.6375,0.5874999999999999
979,garden,7,10,0.6470588235294118,0.6666666666666666,0.75
980,garden,8,1,0.7222222222222222,0.6875,0.7875
981,garden,8,2,0.7222222222222222,0.6428571428571428,0.7321428571428571
982,garden,8,3,0.6666666666666666,0.625,0.8055555555555556
983,garden,8,4,0.75,0.7777777777777778,0.7936507936507937
984,garden,8,5,0.7777777777777778,0.7083333333333333,0.8194444444444444
985,garden,8,6,0.6666666666666666,0.7857142857142857,0.9285714285714286
986,garden,8,7,0.8235294117647058,0.7980769230769231,0.9230769230769231
987,garden,8,8,0.7058823529411765,0.7285714285714285,0.8285714285714286
988,garden,8,9,0.7,0.7,0.71
989,garden,8,10,0.6111111111111112,0.6298701298701299,0.7272727272727272
990,garden,9,1,0.8125,0.8015873015873016,0.6825396825396826
991,garden,9,2,0.8888888888888888,0.8333333333333333,0.9444444444444445
992,garden,9,3,0.5,0.5375,0.5875
993,garden,9,4,0.7222222222222222,0.6666666666666667,0.7916666666666666
994,garden,9,5,0.7222222222222222,0.7467532467532467,0.8181818181818181
995,garden,9,6,0.7058823529411765,0.7348484848484849,0.8333333333333334
996,garden,9,7,0.85,0.8500000000000001,0.8300000000000001
997,garden,9,8,0.6666666666666666,0.6964285714285714,0.7321428571428571
998,garden,9,9,0.6666666666666666,0.6875,0.9125
999,garden,9,10,0.6470588235294118,0.5961538461538461,0.6923076923076923
1000,dreary,0,1,0.3333333333333333,0.3,0.7125000000000001
1001,dreary,0,2,0.5555555555555556,0.5,0.5625
1002,dreary,0,3,0.5,0.45833333333333337,0.4305555555555555
1003,dreary,0,4,0.35294117647058826,0.3857142857142857,0.5571428571428572
1004,dreary,0,5,0.6470588235294118,0.5096153846153846,0.3846153846153846
1005,dreary,0,6,0.6842105263157895,0.4642857142857143,0.4428571428571429
1006,dreary,0,7,0.3888888888888889,0.3888888888888889,0.5555555555555556
1007,dreary,0,8,0.5,0.45833333333333337,0.45833333333333337
1008,dreary,0,9,0.3888888888888889,0.3875,0.7124999999999999
1009,dreary,0,10,0.47058823529411764,0.3076923076923077,0.3269230769230769
1010,dreary,1,1,0.5882352941176471,0.45454545454545453,0.5
1011,dreary,1,2,0.3888888888888889,0.39610389610389607,0.4025974025974026
1012,dreary,1,3,0.6111111111111112,0.5625,0.65
1013,dreary,1,4,0.47058823529411764,0.5673076923076923,0.36538461538461536
1014,dreary,1,5,0.5,0.5625,0.44791666666666663
1015,dreary,1,6,0.6111111111111112,0.4583333333333333,0.4861111111111111
1016,dreary,1,7,0.5555555555555556,0.5,0.3611111111111111
1017,dreary,1,8,0.6111111111111112,0.65,0.3
1018,dreary,1,9,0.6470588235294118,0.5714285714285714,0.5428571428571428
1019,dreary,1,10,0.5294117647058824,0.5192307692307692,0.5769230769230769
1020,dreary,2,1,0.6111111111111112,0.39285714285714285,0.21428571428571427
1021,dreary,2,2,0.5555555555555556,0.525,0.525
1022,dreary,2,3,0.3888888888888889,0.4125,0.3
1023,dreary,2,4,0.375,0.375,0.359375
1024,dreary,2,5,0.2777777777777778,0.29166666666666663,0.6111111111111112
1025,dreary,2,6,0.6666666666666666,0.7076923076923077,0.7384615384615385
1026,dreary,2,7,0.35294117647058826,0.5,0.3787878787878788
1027,dreary,2,8,0.6111111111111112,0.5714285714285714,0.5535714285714286
1028,dreary,2,9,0.5,0.41666666666666663,0.6805555555555556
1029,dreary,2,10,0.47368421052631576,0.5454545454545454,0.5568181818181819
1030,dreary,3,1,0.47058823529411764,0.4214285714285714,0.6142857142857142
1031,dreary,3,2,0.2777777777777778,0.2625,0.2375
1032,dreary,3,3,0.3888888888888889,0.375,0.375
1033,dreary,3,4,0.35294117647058826,0.3472222222222222,0.3472222222222222
1034,dreary,3,5,0.5,0.5,0.36
1035,dreary,3,6,0.6666666666666666,0.5178571428571428,0.41071428571428575
1036,dreary,3,7,0.47058823529411764,0.5083333333333333,0.4833333333333333
1037,dreary,3,8,0.7777777777777778,0.7083333333333333,0.2638888888888889
1038,dreary,3,9,0.5,0.5125,0.3625
1039,dreary,3,10,0.47058823529411764,0.4015151515151515,0.5454545454545454
1040,dreary,4,1,0.5882352941176471,0.38461538461538464,0.7884615384615384
1041,dreary,4,2,0.5,0.4107142857142857,0.7142857142857143
1042,dreary,4,3,0.5,0.475,0.47500000000000003
1043,dreary,4,4,0.35294117647058826,0.375,0.4027777777777778
1044,dreary,4,5,0.4117647058823529,0.3958333333333333,0.41666666666666674
1045,dreary,4,6,0.55,0.5879120879120879,0.41758241758241754
1046,dreary,4,7,0.2777777777777778,0.5357142857142857,0.49999999999999994
1047,dreary,4,8,0.2777777777777778,0.20833333333333334,0.7083333333333334
1048,dreary,4,9,0.4444444444444444,0.5,0.4861111111111111
1049,dreary,4,10,0.5882352941176471,0.5625,0.6666666666666666
1050,dreary,5,1,0.5882352941176471,0.5625,0.41666666666666663
1051,dreary,5,2,0.5555555555555556,0.5357142857142857,0.6071428571428572
1052,dreary,5,3,0.5555555555555556,0.44642857142857145,0.39285714285714285
1053,dreary,5,4,0.7777777777777778,0.65625,0.53125
1054,dreary,5,5,0.3888888888888889,0.4,0.7
1055,dreary,5,6,0.23529411764705882,0.24305555555555555,0.763888888888889
1056,dreary,5,7,0.42105263157894735,0.4222222222222222,0.5333333333333333
1057,dreary,5,8,0.5,0.475,0.46249999999999997
1058,dreary,5,9,0.47058823529411764,0.4861111111111111,0.4027777777777778
1059,dreary,5,10,0.4444444444444444,0.475,0.5125000000000001
1060,dreary,6,1,0.7222222222222222,0.625,0.45833333333333337
1061,dreary,6,2,0.23529411764705882,0.225,0.2333333333333333
1062,dreary,6,3,0.7222222222222222,0.6428571428571428,0.32142857142857145
1063,dreary,6,4,0.4117647058823529,0.4097222222222222,0.34722222222222227
1064,dreary,6,5,0.4117647058823529,0.3888888888888889,0.4583333333333333
1065,dreary,6,6,0.6470588235294118,0.5,0.5151515151515151
1066,dreary,6,7,0.35,0.33333333333333337,0.5625
1067,dreary,6,8,0.7222222222222222,0.5833333333333334,0.3194444444444444
1068,dreary,6,9,0.3888888888888889,0.35,0.55
1069,dreary,6,10,0.4444444444444444,0.41558441558441556,0.36363636363636365
1070,dreary,7,1,0.5294117647058824,0.44696969696969696,0.5151515151515151
1071,dreary,7,2,0.4117647058823529,0.35,0.3857142857142857
1072,dreary,7,3,0.6666666666666666,0.65,0.5625
1073,dreary,7,4,0.5,0.4875,0.5125000000000001
1074,dreary,7,5,0.6111111111111112,0.5416666666666666,0.23611111111111113
1075,dreary,7,6,0.7222222222222222,0.84375,0.21875
1076,dreary,7,7,0.47058823529411764,0.4444444444444444,0.4305555555555556
1077,dreary,7,8,0.45,0.4166666666666667,0.5
1078,dreary,7,9,0.6111111111111112,0.5625,0.425
1079,dreary,7,10,0.23529411764705882,0.24305555555555555,0.8472222222222222
1080,dreary,8,1,0.5,0.45,0.33749999999999997
1081,dreary,8,2,0.2222222222222222,0.5,0.6428571428571428
1082,dreary,8,3,0.5,0.41666666666666663,0.2222222222222222
1083,dreary,8,4,0.5625,0.5634920634920635,0.41269841269841273
1084,dreary,8,5,0.6111111111111112,0.5416666666666666,0.6805555555555556
1085,dreary,8,6,0.7222222222222222,0.6428571428571428,0.4285714285714286
1086,dreary,8,7,0.23529411764705882,0.5,0.5
1087,dreary,8,8,0.35294117647058826,0.3857142857142857,0.5142857142857142
1088,dreary,8,9,0.35,0.35,0.66
1089,dreary,8,10,0.6111111111111112,0.6298701298701299,0.6623376623376623
1090,dreary,9,1,0.375,0.38095238095238093,0.6984126984126984
1091,dreary,9,2,0.5555555555555556,0.4583333333333333,0.6527777777777778
1092,dreary,9,3,0.4444444444444444,0.4625,0.5
1093,dreary,9,4,0.6111111111111112,0.4583333333333333,0.2777777777777778
1094,dreary,9,5,0.5555555555555556,0.5064935064935066,0.33766233766233766
1095,dreary,9,6,0.29411764705882354,0.303030303030303,0.303030303030303
1096,dreary,9,7,0.4,0.4,0.52
1097,dreary,9,8,0.5555555555555556,0.44642857142857145,0.5
1098,dreary,9,9,0.3888888888888889,0.425,0.5
1099,dreary,9,10,0.5882352941176471,0.47115384615384615,0.4230769230769231
1100,home_alone,0,1,0.7222222222222222,0.7375,0.7875
1101,home_alone,0,2,0.5555555555555556,0.55,0.58125
1102,home_alone,0,3,0.6666666666666666,0.6666666666666666,0.7777777777777778
1103,home_alone,0,4,0.6470588235294118,0.6357142857142857,0.7285714285714285
1104,home_alone,0,5,0.7647058823529411,0.7596153846153846,0.923076923076923
1105,home_alone,0,6,0.6842105263157895,0.5928571428571429,0.7000000000000001
1106,home_alone,0,7,0.7222222222222222,0.7222222222222222,0.8765432098765432
1107,home_alone,0,8,0.6666666666666666,0.6666666666666666,0.7222222222222222
1108,home_alone,0,9,0.5555555555555556,0.5875,0.8
1109,home_alone,0,10,0.8235294117647058,0.8846153846153846,0.9038461538461539
1110,home_alone,1,1,0.6470588235294118,0.6515151515151515,0.6818181818181818
1111,home_alone,1,2,0.5555555555555556,0.5064935064935066,0.7012987012987013
1112,home_alone,1,3,0.8888888888888888,0.9,0.9750000000000001
1113,home_alone,1,4,0.8235294117647058,0.8846153846153846,1.0
1114,home_alone,1,5,0.7,0.7083333333333333,0.6354166666666666
1115,home_alone,1,6,0.6111111111111112,0.5833333333333333,0.7083333333333333
1116,home_alone,1,7,0.8333333333333334,0.7916666666666666,0.9444444444444444
1117,home_alone,1,8,0.6111111111111112,0.6375,0.825
1118,home_alone,1,9,0.7647058823529411,0.7142857142857143,0.9
1119,home_alone,1,10,0.6470588235294118,0.5961538461538461,0.596153846153846
1120,home_alone,2,1,0.6666666666666666,0.6071428571428572,0.6964285714285714
1121,home_alone,2,2,0.6111111111111112,0.6125,0.7875
1122,home_alone,2,3,0.6666666666666666,0.65,0.8375
1123,home_alone,2,4,0.875,0.875,0.84375
1124,home_alone,2,5,0.7222222222222222,0.6666666666666667,0.7500000000000001
1125,home_alone,2,6,0.7222222222222222,0.6846153846153846,0.7538461538461538
1126,home_alone,2,7,0.47058823529411764,0.5151515151515151,0.7196969696969697
1127,home_alone,2,8,1.0,1.0,1.0
1128,home_alone,2,9,0.7222222222222222,0.75,0.8472222222222222
1129,home_alone,2,10,0.5789473684210527,0.5681818181818181,0.6818181818181819
1130,home_alone,3,1,0.8823529411764706,0.8785714285714286,0.8857142857142857
1131,home_alone,3,2,0.6666666666666666,0.6375,0.8125000000000001
1132,home_alone,3,3,0.8888888888888888,0.9,0.9
1133,home_alone,3,4,0.5294117647058824,0.5277777777777778,0.6666666666666667
1134,home_alone,3,5,0.8,0.8,0.8400000000000002
1135,home_alone,3,6,0.5,0.32142857142857145,0.37499999999999994
1136,home_alone,3,7,0.7058823529411765,0.675,0.8333333333333334
1137,home_alone,3,8,0.7777777777777778,0.7083333333333333,0.8472222222222223
1138,home_alone,3,9,0.6111111111111112,0.6375,0.675
1139,home_alone,3,10,0.7647058823529411,0.7803030303030303,0.7727272727272727
1140,home_alone,4,1,0.8823529411764706,0.8365384615384616,0.9038461538461539
1141,home_alone,4,2,0.6666666666666666,0.6964285714285714,0.7678571428571428
1142,home_alone,4,3,0.5,0.5,0.4875
1143,home_alone,4,4,0.7647058823529411,0.7708333333333333,0.8333333333333334
1144,home_alone,4,5,0.7647058823529411,0.7569444444444444,0.7777777777777778
1145,home_alone,4,6,0.7,0.6373626373626373,0.6153846153846153
1146,home_alone,4,7,0.7222222222222222,0.7321428571428572,0.7678571428571428
1147,home_alone,4,8,0.8888888888888888,0.8333333333333333,0.8194444444444444
1148,home_alone,4,9,0.7222222222222222,0.7916666666666667,0.8333333333333333
1149,home_alone,4,10,0.8235294117647058,0.8333333333333333,0.7361111111111112
1150,home_alone,5,1,0.5882352941176471,0.6041666666666666,0.5972222222222223
1151,home_alone,5,2,0.7222222222222222,0.6428571428571428,0.8214285714285714
1152,home_alone,5,3,0.7777777777777778,0.6785714285714286,0.8214285714285714
1153,home_alone,5,4,0.5555555555555556,0.3125,0.28125
1154,home_alone,5,5,0.4444444444444444,0.45,0.6
1155,home_alone,5,6,0.7058823529411765,0.7013888888888888,0.7500000000000001
1156,home_alone,5,7,0.7894736842105263,0.7944444444444444,0.8666666666666666
1157,home_alone,5,8,1.0,1.0,1.0
1158,home_alone,5,9,0.6470588235294118,0.6527777777777778,0.8333333333333334
1159,home_alone,5,10,0.5555555555555556,0.575,0.625
1160,home_alone,6,1,0.8888888888888888,0.875,0.875
1161,home_alone,6,2,0.7058823529411765,0.6166666666666667,0.6833333333333333
1162,home_alone,6,3,0.5555555555555556,0.44642857142857145,0.5178571428571428
1163,home_alone,6,4,0.8823529411764706,0.8819444444444444,0.9722222222222222
1164,home_alone,6,5,0.47058823529411764,0.4722222222222222,0.7222222222222222
1165,home_alone,6,6,0.7058823529411765,0.696969696969697,0.8333333333333333
1166,home_alone,6,7,0.8,0.8333333333333333,0.8645833333333334
1167,home_alone,6,8,0.7222222222222222,0.6666666666666667,0.7083333333333333
1168,home_alone,6,9,0.5,0.4875,0.5375
1169,home_alone,6,10,0.5,0.512987012987013,0.5844155844155844
1170,home_alone,7,1,0.6470588235294118,0.6893939393939394,0.696969696969697
1171,home_alone,7,2,0.8235294117647058,0.8071428571428572,0.9142857142857144
1172,home_alone,7,3,0.7222222222222222,0.725,0.775
1173,home_alone,7,4,0.5,0.4875,0.6625
1174,home_alone,7,5,0.8333333333333334,0.8333333333333334,0.8611111111111112
1175,home_alone,7,6,0.6666666666666666,0.8125,0.84375
1176,home_alone,7,7,0.7058823529411765,0.7013888888888888,0.7361111111111112
1177,home_alone,7,8,0.8,0.7916666666666667,0.875
1178,home_alone,7,9,0.6111111111111112,0.5875,0.6125
1179,home_alone,7,10,0.5882352941176471,0.5902777777777778,0.6111111111111112
1180,home_alone,8,1,0.7222222222222222,0.7,0.8250000000000001
1181,home_alone,8,2,0.8333333333333334,0.8928571428571428,0.7857142857142857
1182,home_alone,8,3,0.8333333333333334,0.8333333333333334,0.875
1183,home_alone,8,4,0.6875,0.6746031746031746,0.6666666666666666
1184,home_alone,8,5,0.8333333333333334,0.8333333333333334,0.9305555555555556
1185,home_alone,8,6,0.5555555555555556,0.5357142857142857,0.5892857142857142
1186,home_alone,8,7,0.8235294117647058,0.8846153846153846,0.8653846153846153
1187,home_alone,8,8,0.7647058823529411,0.7571428571428571,0.7857142857142857
1188,home_alone,8,9,0.6,0.6,0.74
1189,home_alone,8,10,0.6111111111111112,0.6298701298701299,0.6883116883116883
1190,home_alone,9,1,0.5625,0.5793650793650793,0.5555555555555556
1191,home_alone,9,2,0.8333333333333334,0.7916666666666666,0.9027777777777778
1192,home_alone,9,3,0.8888888888888888,0.9,0.9375
1193,home_alone,9,4,0.7777777777777778,0.75,0.6944444444444444
1194,home_alone,9,5,0.6666666666666666,0.6753246753246753,0.6883116883116883
1195,home_alone,9,6,0.7647058823529411,0.7424242424242424,0.8484848484848485
1196,home_alone,9,7,0.6,0.6,0.67
1197,home_alone,9,8,0.6666666666666666,0.6071428571428572,0.8035714285714286
1198,home_alone,9,9,0.6666666666666666,0.7,0.8500000000000001
1199,home_alone,9,10,0.7647058823529411,0.7596153846153846,0.7884615384615384
1200,brokovich,0,1,0.6666666666666666,0.65,0.7625
1201,brokovich,0,2,0.6666666666666666,0.6375,0.84375
1202,brokovich,0,3,0.6666666666666666,0.625,0.5416666666666667
1203,brokovich,0,4,0.7058823529411765,0.7071428571428571,0.7857142857142856
1204,brokovich,0,5,1.0,1.0,1.0
1205,brokovich,0,6,0.5789473684210527,0.4571428571428572,0.6428571428571428
1206,brokovich,0,7,0.5555555555555556,0.5555555555555556,0.5679012345679013
1207,brokovich,0,8,0.8888888888888888,0.875,0.9583333333333333
1208,brokovich,0,9,0.7222222222222222,0.7125,0.8500000000000001
1209,brokovich,0,10,0.8235294117647058,0.7980769230769231,0.7884615384615384
1210,brokovich,1,1,0.7058823529411765,0.696969696969697,0.7727272727272727
1211,brokovich,1,2,0.7222222222222222,0.6688311688311688,0.7532467532467532
1212,brokovich,1,3,0.6666666666666666,0.65,0.8125000000000001
1213,brokovich,1,4,0.8235294117647058,0.7980769230769231,0.8461538461538463
1214,brokovich,1,5,0.75,0.7916666666666667,0.8333333333333334
1215,brokovich,1,6,0.8333333333333334,0.8333333333333334,0.9027777777777778
1216,brokovich,1,7,0.7222222222222222,0.7083333333333333,0.8472222222222222
1217,brokovich,1,8,0.7222222222222222,0.7375,0.825
1218,brokovich,1,9,0.8823529411764706,0.8785714285714286,0.9285714285714286
1219,brokovich,1,10,0.7647058823529411,0.7596153846153846,0.7884615384615383
1220,brokovich,2,1,0.7222222222222222,0.4642857142857143,0.6071428571428571
1221,brokovich,2,2,0.7777777777777778,0.7625,0.9375
1222,brokovich,2,3,0.6666666666666666,0.675,0.8375
1223,brokovich,2,4,0.9375,0.9375,0.921875
1224,brokovich,2,5,0.7777777777777778,0.75,0.7916666666666666
1225,brokovich,2,6,0.7222222222222222,0.6230769230769231,0.8153846153846154
1226,brokovich,2,7,0.47058823529411764,0.43939393939393934,0.5454545454545454
1227,brokovich,2,8,0.7777777777777778,0.8571428571428572,0.7857142857142857
1228,brokovich,2,9,0.6666666666666666,0.625,0.763888888888889
1229,brokovich,2,10,0.7894736842105263,0.7840909090909092,0.7159090909090909
1230,brokovich,3,1,0.9411764705882353,0.9285714285714286,0.9857142857142858
1231,brokovich,3,2,0.7777777777777778,0.7625,0.8375
1232,brokovich,3,3,0.6666666666666666,0.6375,0.8125
1233,brokovich,3,4,0.5882352941176471,0.5833333333333333,0.6666666666666667
1234,brokovich,3,5,0.8,0.8,0.8700000000000001
1235,brokovich,3,6,0.7777777777777778,0.6785714285714286,0.6964285714285714
1236,brokovich,3,7,0.7058823529411765,0.7333333333333334,0.8333333333333334
1237,brokovich,3,8,0.6666666666666666,0.625,0.6666666666666667
1238,brokovich,3,9,0.7777777777777778,0.775,0.8625
1239,brokovich,3,10,0.7058823529411765,0.6212121212121212,0.8030303030303031
1240,brokovich,4,1,0.7058823529411765,0.46153846153846156,0.5769230769230769
1241,brokovich,4,2,0.7222222222222222,0.6428571428571428,0.75
1242,brokovich,4,3,0.7777777777777778,0.7875,0.925
1243,brokovich,4,4,0.7647058823529411,0.7777777777777778,0.9305555555555556
1244,brokovich,4,5,0.6470588235294118,0.6388888888888888,0.7500000000000001
1245,brokovich,4,6,0.65,0.6318681318681318,0.5054945054945055
1246,brokovich,4,7,0.6666666666666666,0.7857142857142857,0.8214285714285714
1247,brokovich,4,8,0.7222222222222222,0.625,0.7222222222222223
1248,brokovich,4,9,0.7222222222222222,0.7916666666666667,0.9722222222222223
1249,brokovich,4,10,0.9411764705882353,0.9375,0.9305555555555556
1250,brokovich,5,1,0.5882352941176471,0.5694444444444444,0.6944444444444444
1251,brokovich,5,2,0.8888888888888888,0.8392857142857143,0.9464285714285714
1252,brokovich,5,3,0.8888888888888888,0.8392857142857143,0.9821428571428572
1253,brokovich,5,4,0.7777777777777778,0.65625,0.59375
1254,brokovich,5,5,0.5555555555555556,0.5625,0.7375
1255,brokovich,5,6,0.5294117647058824,0.5277777777777778,0.5972222222222222
1256,brokovich,5,7,0.631578947368421,0.6333333333333333,0.5888888888888889
1257,brokovich,5,8,0.7777777777777778,0.7625,0.8875000000000001
1258,brokovich,5,9,0.47058823529411764,0.47916666666666663,0.625
1259,brokovich,5,10,0.8888888888888888,0.9,0.9
1260,brokovich,6,1,0.8888888888888888,0.875,0.9305555555555556
1261,brokovich,6,2,0.5882352941176471,0.65,0.6166666666666667
1262,brokovich,6,3,0.7777777777777778,0.6785714285714286,0.7142857142857142
1263,brokovich,6,4,0.7647058823529411,0.75,0.8888888888888888
1264,brokovich,6,5,0.7058823529411765,0.6875,0.6111111111111112
1265,brokovich,6,6,0.8823529411764706,0.8712121212121212,0.8939393939393939
1266,brokovich,6,7,0.6,0.6041666666666667,0.7083333333333333
1267,brokovich,6,8,0.8888888888888888,0.9166666666666667,1.0
1268,brokovich,6,9,0.6111111111111112,0.5875,0.7625
1269,brokovich,6,10,0.5555555555555556,0.5324675324675324,0.7142857142857143
1270,brokovich,7,1,0.5882352941176471,0.5303030303030303,0.6212121212121212
1271,brokovich,7,2,0.8823529411764706,0.8785714285714286,0.9
1272,brokovich,7,3,0.7777777777777778,0.7625,0.825
1273,brokovich,7,4,0.6111111111111112,0.6125,0.675
1274,brokovich,7,5,0.6666666666666666,0.625,0.75
1275,brokovich,7,6,0.7777777777777778,0.875,0.96875
1276,brokovich,7,7,0.7058823529411765,0.7083333333333333,0.75
1277,brokovich,7,8,0.6,0.5833333333333333,0.48958333333333337
1278,brokovich,7,9,0.6666666666666666,0.65,0.6875
1279,brokovich,7,10,0.6470588235294118,0.6527777777777778,0.7361111111111112
1280,brokovich,8,1,0.7777777777777778,0.75,0.9750000000000001
1281,brokovich,8,2,0.8888888888888888,0.8392857142857143,0.9285714285714286
1282,brokovich,8,3,0.7777777777777778,0.75,0.7222222222222222
1283,brokovich,8,4,0.6875,0.6904761904761905,0.7142857142857143
1284,brokovich,8,5,0.7777777777777778,0.75,0.763888888888889
1285,brokovich,8,6,0.7222222222222222,0.7321428571428572,0.7142857142857143
1286,brokovich,8,7,0.7647058823529411,0.7596153846153846,0.8269230769230769
1287,brokovich,8,8,0.7058823529411765,0.7071428571428571,0.6857142857142857
1288,brokovich,8,9,0.55,0.55,0.68
1289,brokovich,8,10,0.6666666666666666,0.7012987012987013,0.7922077922077922
1290,brokovich,9,1,0.6875,0.6904761904761905,0.7142857142857143
1291,brokovich,9,2,0.7222222222222222,0.5833333333333334,0.9027777777777778
1292,brokovich,9,3,0.6666666666666666,0.6875,0.9375
1293,brokovich,9,4,0.8333333333333334,0.7916666666666666,0.8888888888888888
1294,brokovich,9,5,0.6111111111111112,0.577922077922078,0.7792207792207793
1295,brokovich,9,6,0.6470588235294118,0.6515151515151515,0.7878787878787878
1296,brokovich,9,7,0.65,0.6499999999999999,0.64
1297,brokovich,9,8,0.8333333333333334,0.8928571428571428,0.8214285714285714
1298,brokovich,9,9,0.6666666666666666,0.675,0.7875000000000001
1299,brokovich,9,10,0.8823529411764706,0.75,0.7884615384615383
1300,star_wars,0,1,0.8333333333333334,0.85,0.9375
1301,star_wars,0,2,0.7222222222222222,0.7,0.8375
1302,star_wars,0,3,0.6111111111111112,0.5833333333333333,0.5
1303,star_wars,0,4,0.7647058823529411,0.7785714285714285,0.7285714285714284
1304,star_wars,0,5,0.9411764705882353,0.9615384615384616,0.9423076923076924
1305,star_wars,0,6,0.6842105263157895,0.7214285714285715,0.6428571428571429
1306,star_wars,0,7,0.7222222222222222,0.7222222222222222,0.7283950617283952
1307,star_wars,0,8,0.8333333333333334,0.8333333333333334,0.9722222222222223
1308,star_wars,0,9,0.8333333333333334,0.85,0.875
1309,star_wars,0,10,0.7647058823529411,0.6730769230769231,0.7692307692307692
1310,star_wars,1,1,0.47058823529411764,0.43939393939393934,0.5454545454545454
1311,star_wars,1,2,0.6666666666666666,0.5974025974025974,0.6883116883116883
1312,star_wars,1,3,0.8888888888888888,0.9,0.9375
1313,star_wars,1,4,0.7647058823529411,0.8461538461538461,1.0
1314,star_wars,1,5,0.6,0.5833333333333333,0.6354166666666666
1315,star_wars,1,6,0.7777777777777778,0.75,0.7916666666666667
1316,star_wars,1,7,0.7222222222222222,0.6666666666666667,0.8055555555555556
1317,star_wars,1,8,0.5555555555555556,0.575,0.575
1318,star_wars,1,9,0.8235294117647058,0.8071428571428572,0.7999999999999999
1319,star_wars,1,10,0.8823529411764706,0.9230769230769231,1.0
1320,star_wars,2,1,0.6111111111111112,0.39285714285714285,0.4107142857142857
1321,star_wars,2,2,0.6666666666666666,0.6625,0.7749999999999999
1322,star_wars,2,3,0.7777777777777778,0.7875,0.8375
1323,star_wars,2,4,0.6875,0.6875,0.8125
1324,star_wars,2,5,0.6666666666666666,0.625,0.6805555555555556
1325,star_wars,2,6,0.8333333333333334,0.7615384615384615,0.9538461538461538
1326,star_wars,2,7,0.5294117647058824,0.5227272727272727,0.6666666666666666
1327,star_wars,2,8,0.8888888888888888,0.9285714285714286,1.0
1328,star_wars,2,9,0.8888888888888888,0.9166666666666667,0.9166666666666667
1329,star_wars,2,10,0.6842105263157895,0.6931818181818181,0.8409090909090909
1330,star_wars,3,1,0.7058823529411765,0.7071428571428571,0.7999999999999999
1331,star_wars,3,2,0.5555555555555556,0.5375,0.5875
1332,star_wars,3,3,0.9444444444444444,0.9375,0.9875
1333,star_wars,3,4,0.6470588235294118,0.6388888888888888,0.7361111111111112
1334,star_wars,3,5,0.6,0.6,0.73
1335,star_wars,3,6,0.8333333333333334,0.7142857142857143,0.5714285714285714
1336,star_wars,3,7,0.8235294117647058,0.7583333333333333,0.7333333333333333
1337,star_wars,3,8,0.9444444444444444,0.9583333333333333,0.986111111111111
1338,star_wars,3,9,0.7222222222222222,0.7,0.7750000000000001
1339,star_wars,3,10,0.6470588235294118,0.6515151515151515,0.7272727272727273
1340,star_wars,4,1,0.5882352941176471,0.38461538461538464,0.3846153846153846
1341,star_wars,4,2,0.7777777777777778,0.7678571428571428,0.8214285714285714
1342,star_wars,4,3,0.7777777777777778,0.7625,0.85
1343,star_wars,4,4,0.9411764705882353,0.9444444444444444,1.0
1344,star_wars,4,5,0.8235294117647058,0.8194444444444444,0.8888888888888888
1345,star_wars,4,6,0.6,0.5604395604395604,0.6263736263736264
1346,star_wars,4,7,0.7222222222222222,0.8214285714285714,0.9285714285714286
1347,star_wars,4,8,0.7777777777777778,0.75,0.7777777777777778
1348,star_wars,4,9,0.6666666666666666,0.75,0.7916666666666667
1349,star_wars,4,10,0.8823529411764706,0.875,0.9583333333333334
1350,star_wars,5,1,0.6470588235294118,0.6388888888888888,0.6805555555555556
1351,star_wars,5,2,0.9444444444444444,0.9642857142857143,1.0
1352,star_wars,5,3,0.7222222222222222,0.6428571428571428,0.625
1353,star_wars,5,4,0.6111111111111112,0.34375,0.53125
1354,star_wars,5,5,0.8888888888888888,0.9,0.925
1355,star_wars,5,6,0.6470588235294118,0.6597222222222222,0.7361111111111112
1356,star_wars,5,7,0.5789473684210527,0.5833333333333333,0.7777777777777778
1357,star_wars,5,8,0.7777777777777778,0.7625,0.9249999999999999
1358,star_wars,5,9,0.5882352941176471,0.6041666666666666,0.4861111111111111
1359,star_wars,5,10,0.6666666666666666,0.675,0.7374999999999999
1360,star_wars,6,1,0.7777777777777778,0.75,0.8333333333333334
1361,star_wars,6,2,0.7058823529411765,0.675,0.6000000000000001
1362,star_wars,6,3,0.7222222222222222,0.6428571428571428,0.6428571428571428
1363,star_wars,6,4,0.8235294117647058,0.8194444444444444,0.875
1364,star_wars,6,5,0.4117647058823529,0.4027777777777778,0.47222222222222227
1365,star_wars,6,6,0.8235294117647058,0.8257575757575758,0.9393939393939394
1366,star_wars,6,7,0.75,0.75,0.8541666666666667
1367,star_wars,6,8,0.8333333333333334,0.8333333333333334,0.9027777777777778
1368,star_wars,6,9,0.7777777777777778,0.775,0.7000000000000001
1369,star_wars,6,10,0.7777777777777778,0.7402597402597402,0.7922077922077922
1370,star_wars,7,1,0.7058823529411765,0.7348484848484849,0.8181818181818181
1371,star_wars,7,2,0.8823529411764706,0.8785714285714286,0.8857142857142857
1372,star_wars,7,3,0.7222222222222222,0.7,0.7875000000000001
1373,star_wars,7,4,0.7777777777777778,0.75,0.8125
1374,star_wars,7,5,0.7777777777777778,0.7916666666666667,0.888888888888889
1375,star_wars,7,6,0.7222222222222222,0.84375,0.78125
1376,star_wars,7,7,0.7058823529411765,0.7013888888888888,0.7638888888888888
1377,star_wars,7,8,0.6,0.6041666666666667,0.7395833333333334
1378,star_wars,7,9,0.9444444444444444,0.95,1.0
1379,star_wars,7,10,0.5294117647058824,0.5555555555555556,0.5694444444444444
1380,star_wars,8,1,0.7222222222222222,0.6875,0.6625
1381,star_wars,8,2,0.8333333333333334,0.7142857142857143,0.7678571428571429
1382,star_wars,8,3,0.7777777777777778,0.7916666666666667,0.9583333333333334
1383,star_wars,8,4,0.6875,0.6587301587301587,0.6984126984126984
1384,star_wars,8,5,0.7222222222222222,0.6666666666666667,0.5694444444444444
1385,star_wars,8,6,0.7777777777777778,0.8571428571428572,0.9285714285714286
1386,star_wars,8,7,0.8823529411764706,0.8365384615384616,0.9423076923076923
1387,star_wars,8,8,0.8235294117647058,0.8285714285714285,0.8999999999999999
1388,star_wars,8,9,0.75,0.75,0.8899999999999999
1389,star_wars,8,10,0.7777777777777778,0.8181818181818181,0.8831168831168831
1390,star_wars,9,1,0.875,0.8888888888888888,0.8571428571428572
1391,star_wars,9,2,0.7777777777777778,0.7083333333333333,0.6944444444444444
1392,star_wars,9,3,0.7222222222222222,0.75,0.5875
1393,star_wars,9,4,0.7777777777777778,0.7083333333333333,0.7500000000000001
1394,star_wars,9,5,0.7777777777777778,0.7922077922077921,0.922077922077922
1395,star_wars,9,6,0.7647058823529411,0.7424242424242424,0.8181818181818181
1396,star_wars,9,7,0.65,0.6499999999999999,0.6699999999999999
1397,star_wars,9,8,0.9444444444444444,0.9642857142857143,1.0
1398,star_wars,9,9,0.6666666666666666,0.6875,0.8125
1399,star_wars,9,10,0.7058823529411765,0.8076923076923077,0.9230769230769231
