,mtest,seed,fold,balanced_accuracy,roc_auc
0,two_men,0,1,0.6625,0.8125
1,two_men,0,2,0.525,0.6375
2,two_men,0,3,0.375,0.5972222222222222
3,two_men,0,4,0.34285714285714286,0.34285714285714286
4,two_men,0,5,0.7307692307692308,0.7692307692307693
5,two_men,0,6,0.42857142857142855,0.37142857142857144
6,two_men,0,7,0.3888888888888889,0.4691358024691358
7,two_men,0,8,0.625,0.5972222222222222
8,two_men,0,9,0.6375,0.7375
9,two_men,0,10,0.4326923076923077,0.6346153846153846
10,two_men,1,1,0.5303030303030303,0.6060606060606061
11,two_men,1,2,0.551948051948052,0.5974025974025974
12,two_men,1,3,0.475,0.4875
13,two_men,1,4,0.6057692307692308,0.4230769230769231
14,two_men,1,5,0.6458333333333334,0.8333333333333333
15,two_men,1,6,0.7083333333333333,0.7222222222222222
16,two_men,1,7,0.5833333333333333,0.6666666666666666
17,two_men,1,8,0.4875,0.5625
18,two_men,1,9,0.7142857142857143,0.8857142857142857
19,two_men,1,10,0.19230769230769232,0.2884615384615385
20,two_men,2,1,0.375,0.5
21,two_men,2,2,0.6875,0.8500000000000001
22,two_men,2,3,0.475,0.43749999999999994
23,two_men,2,4,0.6875,0.71875
24,two_men,2,5,0.5416666666666667,0.6666666666666667
25,two_men,2,6,0.5230769230769231,0.46153846153846156
26,two_men,2,7,0.34090909090909094,0.34848484848484845
27,two_men,2,8,0.48214285714285715,0.4642857142857143
28,two_men,2,9,0.8333333333333334,0.8472222222222222
29,two_men,2,10,0.5340909090909092,0.5909090909090909
30,two_men,3,1,0.6142857142857143,0.7
31,two_men,3,2,0.5375,0.5750000000000001
32,two_men,3,3,0.5375,0.55
33,two_men,3,4,0.5763888888888888,0.4305555555555556
34,two_men,3,5,0.65,0.7500000000000001
35,two_men,3,6,0.5535714285714286,0.5178571428571429
36,two_men,3,7,0.5166666666666667,0.6500000000000001
37,two_men,3,8,0.75,0.8611111111111112
38,two_men,3,9,0.475,0.5125
39,two_men,3,10,0.44696969696969696,0.6060606060606061
40,two_men,4,1,0.47115384615384615,0.5384615384615385
41,two_men,4,2,0.5714285714285714,0.7142857142857142
42,two_men,4,3,0.475,0.4875
43,two_men,4,4,0.47916666666666663,0.4861111111111111
44,two_men,4,5,0.5208333333333333,0.5972222222222222
45,two_men,4,6,0.4560439560439561,0.41758241758241754
46,two_men,4,7,0.48214285714285715,0.6607142857142857
47,two_men,4,8,0.875,0.9027777777777778
48,two_men,4,9,0.5416666666666667,0.5694444444444444
49,two_men,4,10,0.5833333333333333,0.6388888888888888
50,two_men,5,1,0.6527777777777778,0.6388888888888888
51,two_men,5,2,0.9285714285714286,0.9821428571428572
52,two_men,5,3,0.5535714285714286,0.4107142857142857
53,two_men,5,4,0.3125,0.46875
54,two_men,5,5,0.475,0.47500000000000003
55,two_men,5,6,0.6319444444444444,0.8888888888888888
56,two_men,5,7,0.5111111111111111,0.43333333333333335
57,two_men,5,8,0.475,0.48750000000000004
58,two_men,5,9,0.47916666666666663,0.4583333333333333
59,two_men,5,10,0.7375,0.8125
60,two_men,6,1,0.75,0.8472222222222222
61,two_men,6,2,0.575,0.5333333333333333
62,two_men,6,3,0.32142857142857145,0.28571428571428575
63,two_men,6,4,0.5208333333333333,0.6944444444444444
64,two_men,6,5,0.5833333333333333,0.638888888888889
65,two_men,6,6,0.4015151515151515,0.6212121212121212
66,two_men,6,7,0.5208333333333334,0.6979166666666666
67,two_men,6,8,0.625,0.7777777777777778
68,two_men,6,9,0.5875,0.6625000000000001
69,two_men,6,10,0.43506493506493504,0.42857142857142855
70,two_men,7,1,0.5227272727272727,0.6060606060606061
71,two_men,7,2,0.7571428571428571,0.8
72,two_men,7,3,0.5125,0.6375000000000001
73,two_men,7,4,0.6125,0.75
74,two_men,7,5,0.5416666666666666,0.5555555555555556
75,two_men,7,6,0.78125,0.6875
76,two_men,7,7,0.5208333333333333,0.5277777777777778
77,two_men,7,8,0.4375,0.4791666666666667
78,two_men,7,9,0.5875,0.6
79,two_men,7,10,0.3611111111111111,0.41666666666666663
80,two_men,8,1,0.5875,0.7125
81,two_men,8,2,0.5178571428571428,0.6607142857142857
82,two_men,8,3,0.6666666666666667,0.5555555555555556
83,two_men,8,4,0.6746031746031746,0.6190476190476191
84,two_men,8,5,0.5833333333333334,0.6388888888888888
85,two_men,8,6,0.5,0.5892857142857143
86,two_men,8,7,0.6442307692307692,0.7115384615384616
87,two_men,8,8,0.5571428571428572,0.4857142857142857
88,two_men,8,9,0.7,0.69
89,two_men,8,10,0.6818181818181819,0.6883116883116884
90,two_men,9,1,0.5317460317460317,0.5873015873015873
91,two_men,9,2,0.5416666666666666,0.4861111111111111
92,two_men,9,3,0.625,0.6499999999999999
93,two_men,9,4,0.4583333333333333,0.4722222222222222
94,two_men,9,5,0.551948051948052,0.6753246753246753
95,two_men,9,6,0.5757575757575758,0.696969696969697
96,two_men,9,7,0.55,0.56
97,two_men,9,8,0.5714285714285714,0.42857142857142855
98,two_men,9,9,0.6875,0.6375
99,two_men,9,10,0.5865384615384616,0.7115384615384616
100,bridgeville,0,1,0.8875,0.9750000000000001
101,bridgeville,0,2,0.475,0.5625
102,bridgeville,0,3,0.2916666666666667,0.29166666666666663
103,bridgeville,0,4,0.4857142857142857,0.5571428571428572
104,bridgeville,0,5,0.6442307692307692,0.7884615384615384
105,bridgeville,0,6,0.4571428571428572,0.4571428571428572
106,bridgeville,0,7,0.6111111111111112,0.654320987654321
107,bridgeville,0,8,0.75,0.8333333333333334
108,bridgeville,0,9,0.8,0.9
109,bridgeville,0,10,0.4903846153846154,0.5384615384615385
110,bridgeville,1,1,0.48484848484848486,0.5454545454545454
111,bridgeville,1,2,0.577922077922078,0.5454545454545454
112,bridgeville,1,3,0.4,0.425
113,bridgeville,1,4,0.6442307692307692,0.5769230769230769
114,bridgeville,1,5,0.6458333333333334,0.6145833333333333
115,bridgeville,1,6,0.7083333333333333,0.75
116,bridgeville,1,7,0.75,0.875
117,bridgeville,1,8,0.8,0.8125
118,bridgeville,1,9,0.7142857142857143,0.8999999999999999
119,bridgeville,1,10,0.7211538461538461,0.6730769230769231
120,bridgeville,2,1,0.5357142857142857,0.6785714285714286
121,bridgeville,2,2,0.8125,0.8124999999999999
122,bridgeville,2,3,0.675,0.675
123,bridgeville,2,4,0.5625,0.46875
124,bridgeville,2,5,0.5416666666666667,0.6527777777777777
125,bridgeville,2,6,0.5692307692307692,0.5692307692307692
126,bridgeville,2,7,0.4772727272727273,0.48484848484848486
127,bridgeville,2,8,0.7678571428571428,0.75
128,bridgeville,2,9,0.8333333333333334,0.875
129,bridgeville,2,10,0.5227272727272727,0.5909090909090909
130,bridgeville,3,1,0.8285714285714285,0.8857142857142857
131,bridgeville,3,2,0.6,0.625
132,bridgeville,3,3,0.675,0.7375
133,bridgeville,3,4,0.4722222222222222,0.375
134,bridgeville,3,5,0.55,0.69
135,bridgeville,3,6,0.5357142857142857,0.6607142857142857
136,bridgeville,3,7,0.6333333333333333,0.6499999999999999
137,bridgeville,3,8,0.5416666666666666,0.6805555555555556
138,bridgeville,3,9,0.4875,0.6125
139,bridgeville,3,10,0.7803030303030303,0.8484848484848484
140,bridgeville,4,1,0.4807692307692308,0.5961538461538461
141,bridgeville,4,2,0.6428571428571428,0.6607142857142857
142,bridgeville,4,3,0.5875,0.6375
143,bridgeville,4,4,0.75,0.6111111111111112
144,bridgeville,4,5,0.5763888888888888,0.7083333333333334
145,bridgeville,4,6,0.3791208791208791,0.18681318681318682
146,bridgeville,4,7,0.6607142857142857,0.5892857142857142
147,bridgeville,4,8,0.625,0.7361111111111112
148,bridgeville,4,9,0.7083333333333333,0.8333333333333333
149,bridgeville,4,10,0.6388888888888888,0.736111111111111
150,bridgeville,5,1,0.5833333333333333,0.5694444444444444
151,bridgeville,5,2,0.9642857142857143,0.9642857142857143
152,bridgeville,5,3,0.5892857142857143,0.7321428571428571
153,bridgeville,5,4,0.34375,0.0625
154,bridgeville,5,5,0.4,0.3875
155,bridgeville,5,6,0.5763888888888888,0.763888888888889
156,bridgeville,5,7,0.4666666666666667,0.5666666666666667
157,bridgeville,5,8,0.5375,0.4375
158,bridgeville,5,9,0.7013888888888888,0.7638888888888888
159,bridgeville,5,10,0.7875,0.8625
160,bridgeville,6,1,0.75,0.9305555555555556
161,bridgeville,6,2,0.3333333333333333,0.41666666666666663
162,bridgeville,6,3,0.35714285714285715,0.32142857142857145
163,bridgeville,6,4,0.7083333333333333,0.6944444444444445
164,bridgeville,6,5,0.5277777777777778,0.7222222222222222
165,bridgeville,6,6,0.5606060606060606,0.4393939393939394
166,bridgeville,6,7,0.5416666666666667,0.5
167,bridgeville,6,8,0.75,0.9166666666666666
168,bridgeville,6,9,0.725,0.825
169,bridgeville,6,10,0.6753246753246753,0.6883116883116883
170,bridgeville,7,1,0.4772727272727273,0.5454545454545454
171,bridgeville,7,2,0.85,0.7857142857142857
172,bridgeville,7,3,0.5,0.5875
173,bridgeville,7,4,0.6125,0.6749999999999999
174,bridgeville,7,5,0.41666666666666663,0.4444444444444444
175,bridgeville,7,6,0.625,0.5625
176,bridgeville,7,7,0.6597222222222222,0.7361111111111112
177,bridgeville,7,8,0.4375,0.47916666666666663
178,bridgeville,7,9,0.6,0.7375
179,bridgeville,7,10,0.7152777777777778,0.8055555555555556
180,bridgeville,8,1,0.575,0.6499999999999999
181,bridgeville,8,2,0.6071428571428572,0.7857142857142856
182,bridgeville,8,3,0.6666666666666667,0.611111111111111
183,bridgeville,8,4,0.5476190476190476,0.5079365079365079
184,bridgeville,8,5,0.625,0.6111111111111112
185,bridgeville,8,6,0.5714285714285714,0.625
186,bridgeville,8,7,0.40384615384615385,0.40384615384615385
187,bridgeville,8,8,0.5642857142857143,0.5285714285714286
188,bridgeville,8,9,0.7,0.6900000000000001
189,bridgeville,8,10,0.512987012987013,0.5844155844155845
190,bridgeville,9,1,0.6507936507936507,0.7619047619047619
191,bridgeville,9,2,0.2916666666666667,0.34722222222222215
192,bridgeville,9,3,0.7375,0.8375
193,bridgeville,9,4,0.5833333333333333,0.5277777777777779
194,bridgeville,9,5,0.6298701298701299,0.7792207792207791
195,bridgeville,9,6,0.6212121212121212,0.8333333333333333
196,bridgeville,9,7,0.45,0.42999999999999994
197,bridgeville,9,8,0.7321428571428572,0.625
198,bridgeville,9,9,0.7,0.9125
199,bridgeville,9,10,0.4230769230769231,0.6923076923076923
200,pockets,0,1,0.575,0.5687500000000001
201,pockets,0,2,0.55,0.5625
202,pockets,0,3,0.5416666666666666,0.37499999999999994
203,pockets,0,4,0.5071428571428571,0.5142857142857142
204,pockets,0,5,0.5673076923076923,0.6153846153846154
205,pockets,0,6,0.5928571428571429,0.6428571428571428
206,pockets,0,7,0.5555555555555556,0.6790123456790124
207,pockets,0,8,0.7083333333333333,0.7500000000000001
208,pockets,0,9,0.6875,0.8625
209,pockets,0,10,0.4423076923076923,0.5384615384615384
210,pockets,1,1,0.6136363636363636,0.6363636363636365
211,pockets,1,2,0.6038961038961039,0.5324675324675325
212,pockets,1,3,0.6625,0.75
213,pockets,1,4,0.8076923076923077,0.7307692307692308
214,pockets,1,5,0.5208333333333334,0.53125
215,pockets,1,6,0.625,0.7222222222222222
216,pockets,1,7,0.625,0.6388888888888888
217,pockets,1,8,0.625,0.7375
218,pockets,1,9,0.7357142857142858,0.9
219,pockets,1,10,0.2692307692307692,0.2115384615384615
220,pockets,2,1,0.4285714285714286,0.42857142857142855
221,pockets,2,2,0.725,0.775
222,pockets,2,3,0.45,0.47500000000000003
223,pockets,2,4,0.6875,0.8125
224,pockets,2,5,0.5,0.45833333333333337
225,pockets,2,6,0.4461538461538461,0.5538461538461539
226,pockets,2,7,0.5151515151515151,0.393939393939394
227,pockets,2,8,0.6071428571428572,0.7321428571428572
228,pockets,2,9,0.625,0.611111111111111
229,pockets,2,10,0.4602272727272727,0.6022727272727273
230,pockets,3,1,0.75,0.7571428571428571
231,pockets,3,2,0.5875,0.4625
232,pockets,3,3,0.525,0.48750000000000004
233,pockets,3,4,0.6944444444444444,0.7222222222222222
234,pockets,3,5,0.55,0.62
235,pockets,3,6,0.4107142857142857,0.4285714285714286
236,pockets,3,7,0.6333333333333333,0.7166666666666667
237,pockets,3,8,0.7083333333333334,0.625
238,pockets,3,9,0.4875,0.5625
239,pockets,3,10,0.6590909090909092,0.6666666666666666
240,pockets,4,1,0.5288461538461539,0.5769230769230769
241,pockets,4,2,0.48214285714285715,0.5357142857142857
242,pockets,4,3,0.5375,0.675
243,pockets,4,4,0.7708333333333333,0.7222222222222222
244,pockets,4,5,0.6527777777777778,0.6805555555555556
245,pockets,4,6,0.521978021978022,0.5384615384615384
246,pockets,4,7,0.5357142857142857,0.48214285714285715
247,pockets,4,8,0.75,0.75
248,pockets,4,9,0.375,0.36111111111111105
249,pockets,4,10,0.7638888888888888,0.75
250,pockets,5,1,0.47916666666666663,0.5694444444444444
251,pockets,5,2,0.6428571428571428,0.8035714285714286
252,pockets,5,3,0.375,0.26785714285714285
253,pockets,5,4,0.59375,0.6875
254,pockets,5,5,0.65,0.6375000000000001
255,pockets,5,6,0.6388888888888888,0.6666666666666667
256,pockets,5,7,0.6666666666666666,0.7
257,pockets,5,8,0.625,0.5125000000000001
258,pockets,5,9,0.5833333333333333,0.5416666666666667
259,pockets,5,10,0.5,0.625
260,pockets,6,1,0.9166666666666667,0.8611111111111112
261,pockets,6,2,0.7333333333333334,0.7333333333333334
262,pockets,6,3,0.7678571428571428,0.7857142857142857
263,pockets,6,4,0.5208333333333333,0.5277777777777778
264,pockets,6,5,0.2361111111111111,0.25
265,pockets,6,6,0.48484848484848486,0.46969696969696967
266,pockets,6,7,0.6041666666666667,0.7083333333333333
267,pockets,6,8,0.5416666666666666,0.6527777777777778
268,pockets,6,9,0.5875,0.7625
269,pockets,6,10,0.5324675324675324,0.5194805194805194
270,pockets,7,1,0.5984848484848485,0.5
271,pockets,7,2,0.6071428571428572,0.657142857142857
272,pockets,7,3,0.6375,0.8374999999999999
273,pockets,7,4,0.5125,0.7125
274,pockets,7,5,0.6666666666666666,0.6527777777777778
275,pockets,7,6,0.53125,0.625
276,pockets,7,7,0.4305555555555556,0.4444444444444445
277,pockets,7,8,0.5833333333333333,0.5208333333333334
278,pockets,7,9,0.575,0.5125000000000001
279,pockets,7,10,0.4652777777777778,0.4722222222222222
280,pockets,8,1,0.575,0.575
281,pockets,8,2,0.4107142857142857,0.26785714285714285
282,pockets,8,3,0.5416666666666666,0.7777777777777777
283,pockets,8,4,0.4920634920634921,0.5555555555555556
284,pockets,8,5,0.625,0.6388888888888888
285,pockets,8,6,0.5714285714285714,0.625
286,pockets,8,7,0.5961538461538461,0.6538461538461539
287,pockets,8,8,0.5857142857142856,0.6714285714285714
288,pockets,8,9,0.6,0.58
289,pockets,8,10,0.5324675324675324,0.6623376623376623
290,pockets,9,1,0.6190476190476191,0.7777777777777778
291,pockets,9,2,0.375,0.4305555555555556
292,pockets,9,3,0.7625,0.7375
293,pockets,9,4,0.25,0.2638888888888889
294,pockets,9,5,0.4675324675324675,0.4285714285714285
295,pockets,9,6,0.5681818181818181,0.5909090909090908
296,pockets,9,7,0.55,0.5800000000000001
297,pockets,9,8,0.5714285714285714,0.5178571428571428
298,pockets,9,9,0.725,0.8125
299,pockets,9,10,0.6730769230769231,0.8461538461538463
300,overcome,0,1,0.825,0.8250000000000002
301,overcome,0,2,0.575,0.5375
302,overcome,0,3,0.7083333333333333,0.611111111111111
303,overcome,0,4,0.5357142857142857,0.5
304,overcome,0,5,0.6346153846153846,0.7115384615384616
305,overcome,0,6,0.6571428571428571,0.5285714285714286
306,overcome,0,7,0.5,0.5432098765432098
307,overcome,0,8,0.5416666666666667,0.5555555555555556
308,overcome,0,9,0.625,0.675
309,overcome,0,10,0.6442307692307692,0.7307692307692307
310,overcome,1,1,0.8333333333333333,0.8484848484848485
311,overcome,1,2,0.5064935064935066,0.5324675324675325
312,overcome,1,3,0.55,0.5875
313,overcome,1,4,0.3942307692307692,0.4230769230769231
314,overcome,1,5,0.625,0.75
315,overcome,1,6,0.5416666666666666,0.5416666666666666
316,overcome,1,7,0.6666666666666667,0.6666666666666666
317,overcome,1,8,0.6875,0.7875000000000001
318,overcome,1,9,0.6357142857142857,0.7
319,overcome,1,10,0.3076923076923077,0.5
320,overcome,2,1,0.5,0.3928571428571429
321,overcome,2,2,0.6625,0.7375
322,overcome,2,3,0.575,0.5874999999999999
323,overcome,2,4,0.5,0.46875
324,overcome,2,5,0.8333333333333334,0.875
325,overcome,2,6,0.7230769230769231,0.6923076923076923
326,overcome,2,7,0.5984848484848485,0.5606060606060607
327,overcome,2,8,0.48214285714285715,0.5535714285714285
328,overcome,2,9,0.7083333333333333,0.8055555555555556
329,overcome,2,10,0.48863636363636365,0.5568181818181819
330,overcome,3,1,0.8285714285714285,0.7428571428571429
331,overcome,3,2,0.4,0.33749999999999997
332,overcome,3,3,0.525,0.5375000000000001
333,overcome,3,4,0.6458333333333333,0.6527777777777779
334,overcome,3,5,0.44999999999999996,0.46
335,overcome,3,6,0.6785714285714286,0.8035714285714285
336,overcome,3,7,0.3916666666666667,0.55
337,overcome,3,8,0.5833333333333333,0.5833333333333333
338,overcome,3,9,0.7125,0.8
339,overcome,3,10,0.6590909090909092,0.7878787878787878
340,overcome,4,1,0.7980769230769231,0.7884615384615385
341,overcome,4,2,0.8214285714285714,0.7142857142857142
342,overcome,4,3,0.6375,0.875
343,overcome,4,4,0.4722222222222222,0.4444444444444444
344,overcome,4,5,0.5138888888888888,0.7083333333333334
345,overcome,4,6,0.41208791208791207,0.3846153846153846
346,overcome,4,7,0.6607142857142857,0.5892857142857143
347,overcome,4,8,0.875,0.8472222222222223
348,overcome,4,9,0.3333333333333333,0.45833333333333337
349,overcome,4,10,0.5138888888888888,0.625
350,overcome,5,1,0.5833333333333333,0.5972222222222222
351,overcome,5,2,0.8392857142857143,0.9464285714285715
352,overcome,5,3,0.44642857142857145,0.3392857142857143
353,overcome,5,4,0.3125,0.34375
354,overcome,5,5,0.4875,0.475
355,overcome,5,6,0.7638888888888888,0.8055555555555556
356,overcome,5,7,0.6222222222222222,0.7222222222222222
357,overcome,5,8,0.5875,0.625
358,overcome,5,9,0.4236111111111111,0.5972222222222222
359,overcome,5,10,0.8,0.775
360,overcome,6,1,0.7083333333333333,0.763888888888889
361,overcome,6,2,0.4916666666666667,0.5166666666666666
362,overcome,6,3,0.5714285714285714,0.5178571428571428
363,overcome,6,4,0.5208333333333333,0.5138888888888888
364,overcome,6,5,0.5277777777777778,0.4722222222222222
365,overcome,6,6,0.6212121212121212,0.6969696969696969
366,overcome,6,7,0.6458333333333334,0.6979166666666666
367,overcome,6,8,0.5416666666666666,0.7222222222222222
368,overcome,6,9,0.65,0.8875
369,overcome,6,10,0.487012987012987,0.49350649350649345
370,overcome,7,1,0.5303030303030303,0.6666666666666666
371,overcome,7,2,0.6857142857142857,0.6571428571428571
372,overcome,7,3,0.5125,0.475
373,overcome,7,4,0.6125,0.7
374,overcome,7,5,0.75,0.7638888888888888
375,overcome,7,6,0.78125,0.71875
376,overcome,7,7,0.4097222222222222,0.4861111111111111
377,overcome,7,8,0.5833333333333333,0.5729166666666666
378,overcome,7,9,0.825,0.8875
379,overcome,7,10,0.47916666666666663,0.3472222222222222
380,overcome,8,1,0.5875,0.7125
381,overcome,8,2,0.4107142857142857,0.48214285714285715
382,overcome,8,3,0.625,0.6111111111111112
383,overcome,8,4,0.4920634920634921,0.5714285714285714
384,overcome,8,5,0.6666666666666666,0.7222222222222222
385,overcome,8,6,0.6964285714285714,0.6785714285714286
386,overcome,8,7,0.5576923076923077,0.6923076923076923
387,overcome,8,8,0.5071428571428571,0.4
388,overcome,8,9,0.75,0.7
389,overcome,8,10,0.6818181818181819,0.8961038961038961
390,overcome,9,1,0.42063492063492064,0.4920634920634921
391,overcome,9,2,0.75,0.6944444444444444
392,overcome,9,3,0.8,0.7750000000000001
393,overcome,9,4,0.7083333333333333,0.7361111111111113
394,overcome,9,5,0.6233766233766234,0.7662337662337662
395,overcome,9,6,0.6212121212121212,0.6818181818181819
396,overcome,9,7,0.55,0.53
397,overcome,9,8,0.5178571428571428,0.6785714285714286
398,overcome,9,9,0.45,0.575
399,overcome,9,10,0.5096153846153846,0.5961538461538461
400,inception,0,1,0.575,0.75
401,inception,0,2,0.325,0.375
402,inception,0,3,0.5416666666666667,0.6041666666666667
403,inception,0,4,0.27142857142857146,0.28571428571428575
404,inception,0,5,0.6538461538461539,0.40384615384615385
405,inception,0,6,0.5571428571428572,0.6285714285714286
406,inception,0,7,0.7777777777777778,0.8518518518518519
407,inception,0,8,0.75,0.8888888888888888
408,inception,0,9,0.6875,0.8375
409,inception,0,10,0.6826923076923077,0.7307692307692307
410,inception,1,1,0.6515151515151515,0.6818181818181818
411,inception,1,2,0.577922077922078,0.5974025974025974
412,inception,1,3,0.4125,0.42500000000000004
413,inception,1,4,0.6826923076923077,0.7115384615384616
414,inception,1,5,0.5833333333333333,0.625
415,inception,1,6,0.5,0.5
416,inception,1,7,0.5833333333333333,0.6111111111111112
417,inception,1,8,0.8875,0.925
418,inception,1,9,0.7357142857142858,0.8285714285714286
419,inception,1,10,0.2403846153846154,0.32692307692307687
420,inception,2,1,0.6964285714285714,0.75
421,inception,2,2,0.6375,0.7374999999999999
422,inception,2,3,0.475,0.55
423,inception,2,4,0.375,0.390625
424,inception,2,5,0.6666666666666666,0.5972222222222223
425,inception,2,6,0.7461538461538462,0.6923076923076923
426,inception,2,7,0.3484848484848485,0.2727272727272727
427,inception,2,8,0.625,0.6071428571428571
428,inception,2,9,0.75,0.8333333333333335
429,inception,2,10,0.6761363636363636,0.7386363636363636
430,inception,3,1,0.4642857142857143,0.5
431,inception,3,2,0.6,0.625
432,inception,3,3,0.6125,0.6000000000000001
433,inception,3,4,0.35416666666666663,0.5
434,inception,3,5,0.5,0.62
435,inception,3,6,0.7321428571428572,0.6785714285714286
436,inception,3,7,0.875,0.7833333333333333
437,inception,3,8,0.45833333333333337,0.5833333333333333
438,inception,3,9,0.45,0.47500000000000003
439,inception,3,10,0.6515151515151515,0.8484848484848485
440,inception,4,1,0.6442307692307692,0.75
441,inception,4,2,0.7857142857142857,0.7678571428571428
442,inception,4,3,0.3875,0.4375
443,inception,4,4,0.5277777777777778,0.4861111111111111
444,inception,4,5,0.5763888888888888,0.6666666666666667
445,inception,4,6,0.3351648351648352,0.42857142857142855
446,inception,4,7,0.6607142857142857,0.8035714285714285
447,inception,4,8,0.6666666666666666,0.7222222222222222
448,inception,4,9,0.6666666666666666,0.7638888888888888
449,inception,4,10,0.6319444444444444,0.7361111111111112
450,inception,5,1,0.47916666666666663,0.5694444444444444
451,inception,5,2,0.9285714285714286,0.9464285714285715
452,inception,5,3,0.5892857142857143,0.4642857142857143
453,inception,5,4,0.28125,0.15625
454,inception,5,5,0.5125,0.4125
455,inception,5,6,0.5208333333333333,0.6805555555555556
456,inception,5,7,0.5611111111111111,0.5888888888888889
457,inception,5,8,0.6125,0.6875
458,inception,5,9,0.3958333333333333,0.5972222222222221
459,inception,5,10,0.725,0.8
460,inception,6,1,0.6666666666666667,0.7777777777777777
461,inception,6,2,0.6333333333333333,0.75
462,inception,6,3,0.48214285714285715,0.4464285714285714
463,inception,6,4,0.4305555555555556,0.33333333333333337
464,inception,6,5,0.5347222222222222,0.5277777777777778
465,inception,6,6,0.5303030303030303,0.6818181818181819
466,inception,6,7,0.45833333333333337,0.5625
467,inception,6,8,0.75,0.7222222222222222
468,inception,6,9,0.6125,0.675
469,inception,6,10,0.6298701298701299,0.6883116883116883
470,inception,7,1,0.46969696969696967,0.606060606060606
471,inception,7,2,0.6571428571428571,0.7142857142857143
472,inception,7,3,0.625,0.6000000000000001
473,inception,7,4,0.5125,0.5
474,inception,7,5,0.5416666666666667,0.5833333333333333
475,inception,7,6,0.84375,0.96875
476,inception,7,7,0.47916666666666663,0.3611111111111111
477,inception,7,8,0.5416666666666667,0.48958333333333337
478,inception,7,9,0.475,0.65
479,inception,7,10,0.5138888888888888,0.6111111111111112
480,inception,8,1,0.7125,0.8374999999999999
481,inception,8,2,0.75,0.7678571428571428
482,inception,8,3,0.6666666666666667,0.763888888888889
483,inception,8,4,0.4365079365079365,0.4444444444444444
484,inception,8,5,0.2916666666666667,0.4305555555555556
485,inception,8,6,0.5357142857142857,0.46428571428571425
486,inception,8,7,0.5961538461538461,0.576923076923077
487,inception,8,8,0.3214285714285714,0.37142857142857144
488,inception,8,9,0.5,0.7200000000000001
489,inception,8,10,0.7662337662337663,0.8831168831168831
490,inception,9,1,0.6507936507936507,0.5555555555555556
491,inception,9,2,0.5833333333333333,0.5972222222222223
492,inception,9,3,0.6125,0.65
493,inception,9,4,0.7916666666666667,0.7916666666666667
494,inception,9,5,0.5844155844155844,0.7662337662337663
495,inception,9,6,0.5378787878787878,0.6515151515151515
496,inception,9,7,0.55,0.5099999999999999
497,inception,9,8,0.5357142857142857,0.3928571428571428
498,inception,9,9,0.9,0.9
499,inception,9,10,0.38461538461538464,0.5192307692307693
500,social_net,0,1,0.85,0.8999999999999999
501,social_net,0,2,0.775,0.775
502,social_net,0,3,0.5833333333333333,0.5694444444444444
503,social_net,0,4,0.5214285714285715,0.5571428571428572
504,social_net,0,5,0.4519230769230769,0.4423076923076923
505,social_net,0,6,0.7928571428571429,0.7571428571428571
506,social_net,0,7,0.3888888888888889,0.5308641975308642
507,social_net,0,8,0.5833333333333333,0.75
508,social_net,0,9,0.7,0.7375
509,social_net,0,10,0.4423076923076923,0.4423076923076923
510,social_net,1,1,0.6818181818181819,0.6666666666666666
511,social_net,1,2,0.7012987012987013,0.8181818181818181
512,social_net,1,3,0.625,0.8
513,social_net,1,4,0.5769230769230769,0.5384615384615384
514,social_net,1,5,0.5625,0.6666666666666667
515,social_net,1,6,0.5416666666666666,0.48611111111111116
516,social_net,1,7,0.5833333333333334,0.7222222222222223
517,social_net,1,8,0.6,0.7125
518,social_net,1,9,0.7785714285714285,0.7714285714285714
519,social_net,1,10,0.5192307692307692,0.5576923076923077
520,social_net,2,1,0.4642857142857143,0.5357142857142857
521,social_net,2,2,0.75,0.8125
522,social_net,2,3,0.475,0.5874999999999999
523,social_net,2,4,0.5625,0.59375
524,social_net,2,5,0.6666666666666666,0.8472222222222223
525,social_net,2,6,0.7461538461538462,0.8307692307692308
526,social_net,2,7,0.7424242424242424,0.7878787878787878
527,social_net,2,8,0.4285714285714286,0.3035714285714286
528,social_net,2,9,0.625,0.8472222222222223
529,social_net,2,10,0.4772727272727273,0.4545454545454546
530,social_net,3,1,0.5785714285714285,0.7857142857142857
531,social_net,3,2,0.5,0.5125000000000001
532,social_net,3,3,0.6375,0.7
533,social_net,3,4,0.25,0.19444444444444445
534,social_net,3,5,0.44999999999999996,0.6299999999999999
535,social_net,3,6,0.5892857142857143,0.7767857142857143
536,social_net,3,7,0.775,0.8666666666666667
537,social_net,3,8,0.5833333333333334,0.6666666666666667
538,social_net,3,9,0.725,0.8500000000000001
539,social_net,3,10,0.48484848484848486,0.5606060606060606
540,social_net,4,1,0.5673076923076923,0.5961538461538461
541,social_net,4,2,0.8214285714285714,0.9285714285714286
542,social_net,4,3,0.5375,0.5499999999999999
543,social_net,4,4,0.75,0.6527777777777778
544,social_net,4,5,0.5347222222222222,0.7777777777777778
545,social_net,4,6,0.5934065934065934,0.6043956043956044
546,social_net,4,7,0.5178571428571428,0.5892857142857143
547,social_net,4,8,0.5833333333333334,0.7777777777777778
548,social_net,4,9,0.75,0.8888888888888888
549,social_net,4,10,0.5277777777777778,0.6111111111111112
550,social_net,5,1,0.5486111111111112,0.5277777777777778
551,social_net,5,2,0.75,0.8571428571428572
552,social_net,5,3,0.7142857142857143,0.875
553,social_net,5,4,0.5,0.46875
554,social_net,5,5,0.45,0.5875
555,social_net,5,6,0.7152777777777778,0.8333333333333334
556,social_net,5,7,0.6388888888888888,0.5666666666666667
557,social_net,5,8,0.4,0.575
558,social_net,5,9,0.6319444444444444,0.8333333333333333
559,social_net,5,10,0.6625,0.6749999999999999
560,social_net,6,1,0.75,0.861111111111111
561,social_net,6,2,0.525,0.5833333333333334
562,social_net,6,3,0.48214285714285715,0.625
563,social_net,6,4,0.6111111111111112,0.6944444444444444
564,social_net,6,5,0.5972222222222222,0.7083333333333333
565,social_net,6,6,0.5227272727272727,0.5303030303030303
566,social_net,6,7,0.4791666666666667,0.53125
567,social_net,6,8,0.5416666666666666,0.625
568,social_net,6,9,0.7375,0.7125000000000001
569,social_net,6,10,0.7207792207792207,0.7402597402597403
570,social_net,7,1,0.5984848484848485,0.6060606060606061
571,social_net,7,2,0.5571428571428572,0.7857142857142858
572,social_net,7,3,0.55,0.53125
573,social_net,7,4,0.525,0.5625
574,social_net,7,5,0.7083333333333334,0.875
575,social_net,7,6,0.6875,0.46875
576,social_net,7,7,0.4861111111111111,0.5694444444444444
577,social_net,7,8,0.3125,0.19791666666666666
578,social_net,7,9,0.85,0.8999999999999999
579,social_net,7,10,0.5763888888888888,0.75
580,social_net,8,1,0.7625,0.8125
581,social_net,8,2,0.6428571428571428,0.8214285714285714
582,social_net,8,3,0.7083333333333334,0.7777777777777778
583,social_net,8,4,0.3968253968253968,0.4285714285714286
584,social_net,8,5,0.75,0.7638888888888888
585,social_net,8,6,0.6428571428571428,0.75
586,social_net,8,7,0.7692307692307692,0.7115384615384616
587,social_net,8,8,0.4714285714285714,0.5
588,social_net,8,9,0.55,0.6
589,social_net,8,10,0.48051948051948057,0.48051948051948046
590,social_net,9,1,0.6111111111111112,0.7777777777777778
591,social_net,9,2,0.6666666666666666,0.7083333333333334
592,social_net,9,3,0.65,0.7125
593,social_net,9,4,0.75,0.7916666666666666
594,social_net,9,5,0.538961038961039,0.4935064935064935
595,social_net,9,6,0.696969696969697,0.8181818181818181
596,social_net,9,7,0.55,0.61
597,social_net,9,8,0.3392857142857143,0.4107142857142857
598,social_net,9,9,0.525,0.7625
599,social_net,9,10,0.7211538461538461,0.8846153846153847
600,oceans_11,0,1,0.6375,0.775
601,oceans_11,0,2,0.5125,0.65
602,oceans_11,0,3,0.41666666666666663,0.3055555555555556
603,oceans_11,0,4,0.4214285714285714,0.35714285714285715
604,oceans_11,0,5,0.6153846153846154,0.7115384615384616
605,oceans_11,0,6,0.65,0.8142857142857143
606,oceans_11,0,7,0.6666666666666666,0.7283950617283951
607,oceans_11,0,8,0.75,0.7638888888888888
608,oceans_11,0,9,0.775,0.8875
609,oceans_11,0,10,0.6923076923076923,0.6923076923076923
610,oceans_11,1,1,0.6439393939393939,0.6818181818181819
611,oceans_11,1,2,0.538961038961039,0.6103896103896104
612,oceans_11,1,3,0.3,0.41250000000000003
613,oceans_11,1,4,0.5288461538461539,0.4807692307692307
614,oceans_11,1,5,0.4375,0.53125
615,oceans_11,1,6,0.7083333333333334,0.8333333333333334
616,oceans_11,1,7,0.75,0.625
617,oceans_11,1,8,0.7375,0.9
618,oceans_11,1,9,0.7071428571428571,0.8142857142857143
619,oceans_11,1,10,0.6057692307692308,0.7692307692307692
620,oceans_11,2,1,0.625,0.5535714285714286
621,oceans_11,2,2,0.675,0.8375
622,oceans_11,2,3,0.4375,0.425
623,oceans_11,2,4,0.375,0.359375
624,oceans_11,2,5,0.5416666666666667,0.6666666666666666
625,oceans_11,2,6,0.6307692307692307,0.6923076923076923
626,oceans_11,2,7,0.5757575757575758,0.5757575757575758
627,oceans_11,2,8,0.7857142857142857,0.8214285714285714
628,oceans_11,2,9,0.7083333333333334,0.7916666666666666
629,oceans_11,2,10,0.6306818181818181,0.75
630,oceans_11,3,1,0.75,0.9
631,oceans_11,3,2,0.55,0.45
632,oceans_11,3,3,0.5375,0.5125
633,oceans_11,3,4,0.6388888888888888,0.5833333333333333
634,oceans_11,3,5,0.55,0.47
635,oceans_11,3,6,0.5535714285714286,0.5535714285714286
636,oceans_11,3,7,0.7333333333333334,0.8
637,oceans_11,3,8,0.5833333333333333,0.625
638,oceans_11,3,9,0.6875,0.675
639,oceans_11,3,10,0.7348484848484849,0.7727272727272727
640,oceans_11,4,1,0.7692307692307692,0.7692307692307693
641,oceans_11,4,2,0.625,0.7142857142857142
642,oceans_11,4,3,0.5875,0.5375000000000001
643,oceans_11,4,4,0.625,0.625
644,oceans_11,4,5,0.6527777777777778,0.7638888888888888
645,oceans_11,4,6,0.41208791208791207,0.3626373626373626
646,oceans_11,4,7,0.6607142857142857,0.7321428571428572
647,oceans_11,4,8,0.625,0.6944444444444444
648,oceans_11,4,9,0.5,0.6805555555555556
649,oceans_11,4,10,0.7152777777777778,0.9305555555555556
650,oceans_11,5,1,0.5347222222222222,0.5833333333333333
651,oceans_11,5,2,0.6071428571428571,0.875
652,oceans_11,5,3,0.4464285714285714,0.5892857142857143
653,oceans_11,5,4,0.21875,0.3125
654,oceans_11,5,5,0.2875,0.31249999999999994
655,oceans_11,5,6,0.7777777777777778,0.8333333333333335
656,oceans_11,5,7,0.4722222222222222,0.43333333333333335
657,oceans_11,5,8,0.675,0.775
658,oceans_11,5,9,0.5833333333333333,0.6527777777777778
659,oceans_11,5,10,0.6375,0.7625
660,oceans_11,6,1,0.8333333333333333,1.0
661,oceans_11,6,2,0.3666666666666667,0.5
662,oceans_11,6,3,0.39285714285714285,0.5178571428571428
663,oceans_11,6,4,0.5416666666666666,0.4861111111111111
664,oceans_11,6,5,0.3611111111111111,0.4027777777777778
665,oceans_11,6,6,0.4318181818181818,0.48484848484848486
666,oceans_11,6,7,0.4791666666666667,0.44791666666666663
667,oceans_11,6,8,0.7083333333333334,0.8333333333333334
668,oceans_11,6,9,0.8375,0.8875000000000001
669,oceans_11,6,10,0.6753246753246753,0.8571428571428571
670,oceans_11,7,1,0.5984848484848485,0.712121212121212
671,oceans_11,7,2,0.65,0.7142857142857142
672,oceans_11,7,3,0.475,0.475
673,oceans_11,7,4,0.475,0.4875
674,oceans_11,7,5,0.7083333333333334,0.611111111111111
675,oceans_11,7,6,0.65625,0.8125
676,oceans_11,7,7,0.5486111111111112,0.6388888888888888
677,oceans_11,7,8,0.4375,0.48958333333333337
678,oceans_11,7,9,0.7125,0.7375
679,oceans_11,7,10,0.5763888888888888,0.5972222222222222
680,oceans_11,8,1,0.625,0.7875
681,oceans_11,8,2,0.5535714285714286,0.5178571428571428
682,oceans_11,8,3,0.5416666666666667,0.4305555555555556
683,oceans_11,8,4,0.3412698412698413,0.46031746031746035
684,oceans_11,8,5,0.45833333333333337,0.5138888888888888
685,oceans_11,8,6,0.6785714285714286,0.6428571428571429
686,oceans_11,8,7,0.6826923076923077,0.7307692307692308
687,oceans_11,8,8,0.6642857142857143,0.6285714285714286
688,oceans_11,8,9,0.65,0.52
689,oceans_11,8,10,0.6948051948051948,0.8701298701298701
690,oceans_11,9,1,0.6666666666666666,0.4761904761904762
691,oceans_11,9,2,0.625,0.611111111111111
692,oceans_11,9,3,0.4375,0.4625
693,oceans_11,9,4,0.5416666666666667,0.6527777777777778
694,oceans_11,9,5,0.7012987012987013,0.7532467532467533
695,oceans_11,9,6,0.6893939393939394,0.6666666666666667
696,oceans_11,9,7,0.44999999999999996,0.45
697,oceans_11,9,8,0.4285714285714286,0.5178571428571428
698,oceans_11,9,9,0.6375,0.8
699,oceans_11,9,10,0.6538461538461539,0.8461538461538463
700,flower,0,1,0.7625,0.9
701,flower,0,2,0.575,0.6125
702,flower,0,3,0.5416666666666666,0.6666666666666666
703,flower,0,4,0.4571428571428572,0.37142857142857144
704,flower,0,5,0.5480769230769231,0.6923076923076923
705,flower,0,6,0.5642857142857143,0.3857142857142857
706,flower,0,7,0.6111111111111112,0.6419753086419753
707,flower,0,8,0.5416666666666666,0.8194444444444444
708,flower,0,9,0.5875,0.6875
709,flower,0,10,0.6346153846153846,0.6923076923076923
710,flower,1,1,0.6590909090909092,0.8030303030303031
711,flower,1,2,0.6493506493506493,0.7012987012987013
712,flower,1,3,0.575,0.65
713,flower,1,4,0.47115384615384615,0.6153846153846154
714,flower,1,5,0.75,0.7604166666666666
715,flower,1,6,0.75,0.6805555555555556
716,flower,1,7,0.5,0.7916666666666666
717,flower,1,8,0.7,0.75
718,flower,1,9,0.5214285714285715,0.7285714285714286
719,flower,1,10,0.47115384615384615,0.32692307692307687
720,flower,2,1,0.625,0.7142857142857143
721,flower,2,2,0.6875,0.7375
722,flower,2,3,0.65,0.7875
723,flower,2,4,0.5625,0.671875
724,flower,2,5,0.7083333333333333,0.6666666666666667
725,flower,2,6,0.38461538461538464,0.46153846153846156
726,flower,2,7,0.46969696969696967,0.4545454545454546
727,flower,2,8,0.6428571428571428,0.8035714285714285
728,flower,2,9,0.625,0.75
729,flower,2,10,0.6420454545454546,0.5568181818181818
730,flower,3,1,0.6857142857142857,0.6571428571428571
731,flower,3,2,0.5375,0.7
732,flower,3,3,0.5875,0.7875
733,flower,3,4,0.5069444444444444,0.5694444444444444
734,flower,3,5,0.55,0.45999999999999996
735,flower,3,6,0.4642857142857143,0.6071428571428572
736,flower,3,7,0.475,0.7000000000000001
737,flower,3,8,0.625,0.7777777777777778
738,flower,3,9,0.475,0.65
739,flower,3,10,0.6666666666666666,0.6060606060606061
740,flower,4,1,0.875,0.9230769230769231
741,flower,4,2,0.5714285714285714,0.625
742,flower,4,3,0.4,0.5
743,flower,4,4,0.4236111111111111,0.4861111111111111
744,flower,4,5,0.7013888888888888,0.75
745,flower,4,6,0.532967032967033,0.4615384615384615
746,flower,4,7,0.6785714285714286,0.8571428571428571
747,flower,4,8,0.625,0.625
748,flower,4,9,0.7916666666666667,0.8194444444444444
749,flower,4,10,0.5138888888888888,0.5416666666666667
750,flower,5,1,0.7569444444444444,0.7916666666666667
751,flower,5,2,0.5535714285714286,0.8928571428571429
752,flower,5,3,0.7321428571428572,0.875
753,flower,5,4,0.34375,0.3125
754,flower,5,5,0.375,0.36250000000000004
755,flower,5,6,0.625,0.7916666666666666
756,flower,5,7,0.5166666666666666,0.5666666666666667
757,flower,5,8,0.4375,0.47500000000000003
758,flower,5,9,0.7083333333333333,0.75
759,flower,5,10,0.7,0.75
760,flower,6,1,0.625,0.7222222222222222
761,flower,6,2,0.6166666666666667,0.6833333333333333
762,flower,6,3,0.5892857142857143,0.7321428571428572
763,flower,6,4,0.8194444444444444,0.8611111111111112
764,flower,6,5,0.6319444444444444,0.5277777777777779
765,flower,6,6,0.49242424242424243,0.6515151515151516
766,flower,6,7,0.5625,0.625
767,flower,6,8,0.6666666666666667,0.6944444444444444
768,flower,6,9,0.625,0.625
769,flower,6,10,0.5324675324675324,0.6233766233766234
770,flower,7,1,0.8257575757575758,0.8484848484848485
771,flower,7,2,0.6642857142857143,0.7714285714285715
772,flower,7,3,0.5625,0.7625
773,flower,7,4,0.475,0.46875
774,flower,7,5,0.7916666666666666,0.9444444444444444
775,flower,7,6,0.34375,0.28125
776,flower,7,7,0.75,0.75
777,flower,7,8,0.6458333333333333,0.59375
778,flower,7,9,0.4125,0.35
779,flower,7,10,0.4375,0.5555555555555555
780,flower,8,1,0.7,0.8125
781,flower,8,2,0.6428571428571428,0.8214285714285714
782,flower,8,3,0.5416666666666666,0.6944444444444444
783,flower,8,4,0.5317460317460317,0.47619047619047616
784,flower,8,5,0.5,0.7222222222222222
785,flower,8,6,0.6428571428571428,0.6964285714285714
786,flower,8,7,0.8846153846153846,0.8269230769230769
787,flower,8,8,0.5785714285714285,0.6142857142857143
788,flower,8,9,0.65,0.7
789,flower,8,10,0.42207792207792205,0.5844155844155845
790,flower,9,1,0.5317460317460317,0.5396825396825397
791,flower,9,2,0.7083333333333333,0.8888888888888888
792,flower,9,3,0.65,0.7375
793,flower,9,4,0.4166666666666667,0.5694444444444445
794,flower,9,5,0.6688311688311688,0.5844155844155844
795,flower,9,6,0.5757575757575758,0.7727272727272727
796,flower,9,7,0.55,0.55
797,flower,9,8,0.5535714285714286,0.6607142857142857
798,flower,9,9,0.5375,0.6000000000000001
799,flower,9,10,0.5865384615384616,0.7884615384615384
800,hotel,0,1,0.6,0.6625
801,hotel,0,2,0.475,0.6
802,hotel,0,3,0.5416666666666666,0.5972222222222222
803,hotel,0,4,0.2857142857142857,0.2857142857142857
804,hotel,0,5,0.8461538461538461,0.9423076923076923
805,hotel,0,6,0.39285714285714285,0.5428571428571429
806,hotel,0,7,0.4444444444444444,0.46913580246913583
807,hotel,0,8,0.4166666666666667,0.2777777777777778
808,hotel,0,9,0.425,0.575
809,hotel,0,10,0.5961538461538461,0.6730769230769231
810,hotel,1,1,0.5303030303030303,0.5606060606060606
811,hotel,1,2,0.487012987012987,0.5584415584415584
812,hotel,1,3,0.5,0.4
813,hotel,1,4,0.6442307692307692,0.5
814,hotel,1,5,0.5625,0.6041666666666666
815,hotel,1,6,0.5,0.5277777777777778
816,hotel,1,7,0.4166666666666667,0.6111111111111112
817,hotel,1,8,0.425,0.55
818,hotel,1,9,0.7142857142857143,0.7285714285714285
819,hotel,1,10,0.4326923076923077,0.3653846153846154
820,hotel,2,1,0.5535714285714286,0.5
821,hotel,2,2,0.3625,0.35
822,hotel,2,3,0.45,0.44999999999999996
823,hotel,2,4,0.6875,0.703125
824,hotel,2,5,0.625,0.5416666666666667
825,hotel,2,6,0.4461538461538461,0.6153846153846154
826,hotel,2,7,0.3787878787878788,0.30303030303030304
827,hotel,2,8,0.39285714285714285,0.1607142857142857
828,hotel,2,9,0.5416666666666667,0.6805555555555556
829,hotel,2,10,0.5340909090909092,0.6704545454545454
830,hotel,3,1,0.7357142857142858,0.6857142857142857
831,hotel,3,2,0.3625,0.5125
832,hotel,3,3,0.5375,0.7125000000000001
833,hotel,3,4,0.4652777777777778,0.37500000000000006
834,hotel,3,5,0.55,0.64
835,hotel,3,6,0.5535714285714286,0.5892857142857142
836,hotel,3,7,0.43333333333333335,0.6166666666666667
837,hotel,3,8,0.41666666666666663,0.3888888888888889
838,hotel,3,9,0.6375,0.65
839,hotel,3,10,0.5757575757575758,0.6363636363636364
840,hotel,4,1,0.5865384615384616,0.673076923076923
841,hotel,4,2,0.3392857142857143,0.4464285714285714
842,hotel,4,3,0.775,0.8
843,hotel,4,4,0.4722222222222222,0.41666666666666663
844,hotel,4,5,0.6458333333333333,0.6805555555555556
845,hotel,4,6,0.5989010989010989,0.6263736263736264
846,hotel,4,7,0.5357142857142857,0.5714285714285714
847,hotel,4,8,0.5416666666666666,0.625
848,hotel,4,9,0.625,0.7361111111111112
849,hotel,4,10,0.5069444444444444,0.6388888888888888
850,hotel,5,1,0.6319444444444444,0.625
851,hotel,5,2,0.7678571428571428,0.8035714285714285
852,hotel,5,3,0.4642857142857143,0.5178571428571428
853,hotel,5,4,0.53125,0.53125
854,hotel,5,5,0.45,0.6
855,hotel,5,6,0.3958333333333333,0.5
856,hotel,5,7,0.4666666666666667,0.5
857,hotel,5,8,0.575,0.7250000000000001
858,hotel,5,9,0.35416666666666663,0.5277777777777778
859,hotel,5,10,0.5875,0.5
860,hotel,6,1,0.5,0.5555555555555556
861,hotel,6,2,0.4916666666666667,0.5666666666666667
862,hotel,6,3,0.42857142857142855,0.5
863,hotel,6,4,0.4513888888888889,0.5972222222222223
864,hotel,6,5,0.5347222222222222,0.4444444444444444
865,hotel,6,6,0.5303030303030303,0.6060606060606061
866,hotel,6,7,0.625,0.5833333333333334
867,hotel,6,8,0.3333333333333333,0.4722222222222222
868,hotel,6,9,0.525,0.55
869,hotel,6,10,0.5324675324675324,0.5454545454545454
870,hotel,7,1,0.43939393939393934,0.5
871,hotel,7,2,0.6142857142857143,0.6571428571428571
872,hotel,7,3,0.6375,0.6749999999999999
873,hotel,7,4,0.6625,0.6625000000000001
874,hotel,7,5,0.2916666666666667,0.3472222222222222
875,hotel,7,6,0.78125,0.71875
876,hotel,7,7,0.4583333333333333,0.5972222222222222
877,hotel,7,8,0.5208333333333333,0.5104166666666667
878,hotel,7,9,0.625,0.6875
879,hotel,7,10,0.5972222222222222,0.5833333333333333
880,hotel,8,1,0.5125,0.625
881,hotel,8,2,0.6428571428571428,0.6428571428571428
882,hotel,8,3,0.5833333333333333,0.625
883,hotel,8,4,0.6587301587301587,0.5238095238095237
884,hotel,8,5,0.5416666666666666,0.5694444444444444
885,hotel,8,6,0.44642857142857145,0.5357142857142857
886,hotel,8,7,0.47115384615384615,0.5769230769230769
887,hotel,8,8,0.3857142857142857,0.4142857142857143
888,hotel,8,9,0.45,0.41
889,hotel,8,10,0.37662337662337664,0.48051948051948057
890,hotel,9,1,0.40476190476190477,0.5396825396825398
891,hotel,9,2,0.5833333333333334,0.6527777777777778
892,hotel,9,3,0.65,0.575
893,hotel,9,4,0.625,0.625
894,hotel,9,5,0.5324675324675324,0.7272727272727273
895,hotel,9,6,0.49242424242424243,0.5606060606060606
896,hotel,9,7,0.65,0.6799999999999999
897,hotel,9,8,0.48214285714285715,0.5357142857142857
898,hotel,9,9,0.45,0.375
899,hotel,9,10,0.5480769230769231,0.5576923076923077
900,garden,0,1,0.775,0.8875000000000001
901,garden,0,2,0.65,0.85
902,garden,0,3,0.4166666666666667,0.4027777777777778
903,garden,0,4,0.41428571428571426,0.4714285714285714
904,garden,0,5,0.7307692307692308,0.9615384615384616
905,garden,0,6,0.5214285714285715,0.6285714285714286
906,garden,0,7,0.7222222222222222,0.7777777777777777
907,garden,0,8,0.6666666666666667,0.8333333333333333
908,garden,0,9,0.6625,0.725
909,garden,0,10,0.6826923076923077,0.7307692307692307
910,garden,1,1,0.8257575757575758,0.803030303030303
911,garden,1,2,0.6038961038961039,0.6753246753246753
912,garden,1,3,0.4875,0.5
913,garden,1,4,0.7307692307692308,0.9038461538461537
914,garden,1,5,0.6666666666666667,0.6145833333333334
915,garden,1,6,0.8333333333333333,0.8472222222222222
916,garden,1,7,0.8333333333333334,0.8333333333333333
917,garden,1,8,0.6375,0.7
918,garden,1,9,0.6857142857142857,0.7142857142857143
919,garden,1,10,0.5096153846153846,0.6538461538461539
920,garden,2,1,0.5,0.4464285714285714
921,garden,2,2,0.65,0.8375
922,garden,2,3,0.675,0.7125
923,garden,2,4,0.8125,0.921875
924,garden,2,5,0.7083333333333333,0.8055555555555556
925,garden,2,6,0.6846153846153846,0.9076923076923076
926,garden,2,7,0.5984848484848485,0.5757575757575757
927,garden,2,8,0.5535714285714286,0.7321428571428571
928,garden,2,9,0.7916666666666667,0.8472222222222221
929,garden,2,10,0.5227272727272727,0.5113636363636364
930,garden,3,1,0.6857142857142857,0.8142857142857142
931,garden,3,2,0.725,0.6875
932,garden,3,3,0.8375,0.8625
933,garden,3,4,0.5833333333333333,0.5972222222222223
934,garden,3,5,0.7,0.79
935,garden,3,6,0.5892857142857143,0.7321428571428571
936,garden,3,7,0.5083333333333333,0.7
937,garden,3,8,0.7083333333333333,0.7638888888888888
938,garden,3,9,0.3375,0.4
939,garden,3,10,0.6136363636363636,0.6515151515151515
940,garden,4,1,0.4423076923076923,0.6153846153846154
941,garden,4,2,0.5714285714285714,0.625
942,garden,4,3,0.6125,0.675
943,garden,4,4,0.6041666666666666,0.7361111111111112
944,garden,4,5,0.7638888888888888,0.763888888888889
945,garden,4,6,0.5274725274725275,0.6923076923076923
946,garden,4,7,0.6071428571428572,0.6607142857142857
947,garden,4,8,0.7083333333333333,0.7083333333333333
948,garden,4,9,0.8333333333333333,0.8749999999999999
949,garden,4,10,0.8194444444444444,0.9166666666666666
950,garden,5,1,0.5347222222222222,0.4583333333333333
951,garden,5,2,0.7678571428571428,0.7678571428571428
952,garden,5,3,0.42857142857142855,0.6964285714285714
953,garden,5,4,0.625,0.71875
954,garden,5,5,0.6875,0.75
955,garden,5,6,0.875,0.9305555555555556
956,garden,5,7,0.5166666666666666,0.6555555555555556
957,garden,5,8,0.6375,0.8
958,garden,5,9,0.4652777777777778,0.5972222222222222
959,garden,5,10,0.5625,0.6875
960,garden,6,1,0.7083333333333334,0.6944444444444444
961,garden,6,2,0.8166666666666667,0.9166666666666666
962,garden,6,3,0.6607142857142857,0.6607142857142857
963,garden,6,4,0.6458333333333333,0.6527777777777778
964,garden,6,5,0.4652777777777778,0.5833333333333334
965,garden,6,6,0.8181818181818181,0.8787878787878788
966,garden,6,7,0.7916666666666667,0.875
967,garden,6,8,0.7916666666666666,0.9305555555555556
968,garden,6,9,0.65,0.7875
969,garden,6,10,0.551948051948052,0.5454545454545454
970,garden,7,1,0.6515151515151515,0.7121212121212122
971,garden,7,2,0.7071428571428571,0.85
972,garden,7,3,0.7,0.875
973,garden,7,4,0.7125,0.7125
974,garden,7,5,0.625,0.7638888888888888
975,garden,7,6,0.75,0.90625
976,garden,7,7,0.7708333333333333,0.7916666666666666
977,garden,7,8,0.6041666666666667,0.59375
978,garden,7,9,0.6375,0.675
979,garden,7,10,0.35416666666666663,0.2916666666666667
980,garden,8,1,0.4875,0.625
981,garden,8,2,0.42857142857142855,0.5892857142857142
982,garden,8,3,0.7083333333333333,0.8194444444444444
983,garden,8,4,0.6904761904761905,0.6984126984126984
984,garden,8,5,0.6666666666666666,0.875
985,garden,8,6,0.6964285714285714,0.6607142857142857
986,garden,8,7,0.6442307692307692,0.5769230769230769
987,garden,8,8,0.7571428571428571,0.7142857142857144
988,garden,8,9,0.6499999999999999,0.7300000000000001
989,garden,8,10,0.7012987012987013,0.7922077922077922
990,garden,9,1,0.6349206349206349,0.6825396825396826
991,garden,9,2,0.5833333333333334,0.611111111111111
992,garden,9,3,0.625,0.7625
993,garden,9,4,0.625,0.5694444444444444
994,garden,9,5,0.5324675324675324,0.5194805194805194
995,garden,9,6,0.6590909090909092,0.7727272727272727
996,garden,9,7,0.6,0.62
997,garden,9,8,0.7321428571428572,0.75
998,garden,9,9,0.5125,0.625
999,garden,9,10,0.4230769230769231,0.6153846153846154
1000,dreary,0,1,0.5375,0.525
1001,dreary,0,2,0.5125,0.6375
1002,dreary,0,3,0.5,0.5416666666666666
1003,dreary,0,4,0.5428571428571429,0.5857142857142856
1004,dreary,0,5,0.5673076923076923,0.4807692307692307
1005,dreary,0,6,0.5142857142857142,0.5142857142857142
1006,dreary,0,7,0.5555555555555556,0.5802469135802469
1007,dreary,0,8,0.5,0.625
1008,dreary,0,9,0.6,0.575
1009,dreary,0,10,0.6923076923076923,0.5961538461538461
1010,dreary,1,1,0.553030303030303,0.5909090909090909
1011,dreary,1,2,0.538961038961039,0.40259740259740256
1012,dreary,1,3,0.5375,0.8875
1013,dreary,1,4,0.6153846153846154,0.6538461538461539
1014,dreary,1,5,0.5208333333333333,0.53125
1015,dreary,1,6,0.375,0.4722222222222222
1016,dreary,1,7,0.4166666666666667,0.4305555555555555
1017,dreary,1,8,0.65,0.65
1018,dreary,1,9,0.4857142857142857,0.5285714285714286
1019,dreary,1,10,0.7307692307692308,0.673076923076923
1020,dreary,2,1,0.26785714285714285,0.23214285714285715
1021,dreary,2,2,0.45,0.4625
1022,dreary,2,3,0.7,0.7375
1023,dreary,2,4,0.4375,0.546875
1024,dreary,2,5,0.625,0.6388888888888888
1025,dreary,2,6,0.41538461538461535,0.4923076923076923
1026,dreary,2,7,0.5303030303030303,0.5454545454545454
1027,dreary,2,8,0.6785714285714286,0.6785714285714285
1028,dreary,2,9,0.5,0.375
1029,dreary,2,10,0.6193181818181819,0.625
1030,dreary,3,1,0.5071428571428571,0.5
1031,dreary,3,2,0.2375,0.32499999999999996
1032,dreary,3,3,0.55,0.7875000000000001
1033,dreary,3,4,0.5486111111111112,0.6805555555555555
1034,dreary,3,5,0.55,0.42000000000000004
1035,dreary,3,6,0.4464285714285714,0.3392857142857143
1036,dreary,3,7,0.45,0.5333333333333334
1037,dreary,3,8,0.5416666666666666,0.611111111111111
1038,dreary,3,9,0.55,0.6125
1039,dreary,3,10,0.5606060606060606,0.5
1040,dreary,4,1,0.5288461538461539,0.5769230769230769
1041,dreary,4,2,0.6428571428571428,0.7142857142857142
1042,dreary,4,3,0.5125,0.5375
1043,dreary,4,4,0.625,0.8333333333333334
1044,dreary,4,5,0.5416666666666666,0.5555555555555556
1045,dreary,4,6,0.5769230769230769,0.4725274725274725
1046,dreary,4,7,0.5357142857142857,0.42857142857142855
1047,dreary,4,8,0.45833333333333337,0.5416666666666666
1048,dreary,4,9,0.4583333333333333,0.5833333333333333
1049,dreary,4,10,0.6041666666666666,0.7777777777777778
1050,dreary,5,1,0.6041666666666666,0.8333333333333334
1051,dreary,5,2,0.5892857142857143,0.7142857142857142
1052,dreary,5,3,0.5178571428571428,0.2857142857142857
1053,dreary,5,4,0.59375,0.4375
1054,dreary,5,5,0.525,0.6
1055,dreary,5,6,0.3055555555555556,0.2638888888888889
1056,dreary,5,7,0.6,0.6555555555555556
1057,dreary,5,8,0.65,0.8500000000000001
1058,dreary,5,9,0.3472222222222222,0.3333333333333333
1059,dreary,5,10,0.525,0.525
1060,dreary,6,1,0.7916666666666667,0.7222222222222222
1061,dreary,6,2,0.4416666666666667,0.3666666666666667
1062,dreary,6,3,0.6607142857142857,0.625
1063,dreary,6,4,0.5486111111111112,0.638888888888889
1064,dreary,6,5,0.5416666666666666,0.4583333333333333
1065,dreary,6,6,0.5075757575757576,0.6212121212121212
1066,dreary,6,7,0.5625,0.47916666666666663
1067,dreary,6,8,0.45833333333333337,0.48611111111111116
1068,dreary,6,9,0.6875,0.6625000000000001
1069,dreary,6,10,0.6363636363636364,0.36363636363636365
1070,dreary,7,1,0.46212121212121215,0.6969696969696969
1071,dreary,7,2,0.7,0.657142857142857
1072,dreary,7,3,0.475,0.7625000000000001
1073,dreary,7,4,0.4875,0.375
1074,dreary,7,5,0.5833333333333334,0.5833333333333333
1075,dreary,7,6,0.53125,0.5625
1076,dreary,7,7,0.5416666666666666,0.47222222222222227
1077,dreary,7,8,0.5833333333333334,0.6145833333333334
1078,dreary,7,9,0.55,0.5625
1079,dreary,7,10,0.3611111111111111,0.3194444444444444
1080,dreary,8,1,0.6375,0.675
1081,dreary,8,2,0.35714285714285715,0.4464285714285714
1082,dreary,8,3,0.7083333333333334,0.8333333333333334
1083,dreary,8,4,0.45238095238095233,0.3174603174603175
1084,dreary,8,5,0.45833333333333337,0.5416666666666666
1085,dreary,8,6,0.4642857142857143,0.5
1086,dreary,8,7,0.5769230769230769,0.7307692307692307
1087,dreary,8,8,0.4,0.6142857142857143
1088,dreary,8,9,0.7,0.69
1089,dreary,8,10,0.39610389610389607,0.4415584415584416
1090,dreary,9,1,0.8888888888888888,0.8571428571428572
1091,dreary,9,2,0.5416666666666667,0.5555555555555556
1092,dreary,9,3,0.6375,0.575
1093,dreary,9,4,0.5,0.5694444444444445
1094,dreary,9,5,0.5194805194805194,0.4675324675324675
1095,dreary,9,6,0.34090909090909094,0.40909090909090906
1096,dreary,9,7,0.5,0.29000000000000004
1097,dreary,9,8,0.3035714285714286,0.375
1098,dreary,9,9,0.3125,0.2375
1099,dreary,9,10,0.6442307692307692,0.8269230769230769
1100,home_alone,0,1,0.575,0.5999999999999999
1101,home_alone,0,2,0.5,0.675
1102,home_alone,0,3,0.625,0.6388888888888888
1103,home_alone,0,4,0.3357142857142857,0.21428571428571427
1104,home_alone,0,5,0.7115384615384616,0.8269230769230769
1105,home_alone,0,6,0.5928571428571429,0.7857142857142857
1106,home_alone,0,7,0.5555555555555556,0.6419753086419753
1107,home_alone,0,8,0.625,0.75
1108,home_alone,0,9,0.7,0.8
1109,home_alone,0,10,0.34615384615384615,0.5384615384615384
1110,home_alone,1,1,0.49242424242424243,0.6363636363636364
1111,home_alone,1,2,0.3441558441558441,0.48051948051948057
1112,home_alone,1,3,0.45,0.6
1113,home_alone,1,4,0.7115384615384616,0.7692307692307692
1114,home_alone,1,5,0.4791666666666667,0.5520833333333334
1115,home_alone,1,6,0.5,0.6388888888888888
1116,home_alone,1,7,0.6666666666666667,0.8472222222222223
1117,home_alone,1,8,0.7,0.7124999999999999
1118,home_alone,1,9,0.7142857142857143,0.9571428571428572
1119,home_alone,1,10,0.4230769230769231,0.5384615384615384
1120,home_alone,2,1,0.6785714285714286,0.7142857142857142
1121,home_alone,2,2,0.575,0.5375
1122,home_alone,2,3,0.3,0.3
1123,home_alone,2,4,0.6875,0.6875
1124,home_alone,2,5,0.5,0.7777777777777778
1125,home_alone,2,6,0.5230769230769231,0.7692307692307692
1126,home_alone,2,7,0.6818181818181819,0.696969696969697
1127,home_alone,2,8,0.5178571428571428,0.6428571428571429
1128,home_alone,2,9,0.625,0.7083333333333333
1129,home_alone,2,10,0.4090909090909091,0.5340909090909092
1130,home_alone,3,1,0.6642857142857143,0.8714285714285714
1131,home_alone,3,2,0.6375,0.5875
1132,home_alone,3,3,0.575,0.7
1133,home_alone,3,4,0.4583333333333333,0.4722222222222222
1134,home_alone,3,5,0.55,0.72
1135,home_alone,3,6,0.5892857142857143,0.8571428571428572
1136,home_alone,3,7,0.475,0.5166666666666666
1137,home_alone,3,8,0.5416666666666666,0.6527777777777778
1138,home_alone,3,9,0.575,0.7625
1139,home_alone,3,10,0.5757575757575758,0.6060606060606061
1140,home_alone,4,1,0.75,0.6538461538461539
1141,home_alone,4,2,0.7142857142857143,0.7142857142857143
1142,home_alone,4,3,0.475,0.65
1143,home_alone,4,4,0.5,0.5555555555555556
1144,home_alone,4,5,0.5763888888888888,0.6805555555555556
1145,home_alone,4,6,0.4945054945054945,0.4835164835164835
1146,home_alone,4,7,0.6428571428571428,0.8035714285714285
1147,home_alone,4,8,0.4583333333333333,0.5972222222222222
1148,home_alone,4,9,0.6666666666666667,0.7222222222222222
1149,home_alone,4,10,0.5069444444444444,0.7222222222222223
1150,home_alone,5,1,0.3958333333333333,0.37500000000000006
1151,home_alone,5,2,0.625,0.6964285714285714
1152,home_alone,5,3,0.7678571428571428,0.9285714285714286
1153,home_alone,5,4,0.46875,0.46875
1154,home_alone,5,5,0.5375,0.4750000000000001
1155,home_alone,5,6,0.625,0.6111111111111112
1156,home_alone,5,7,0.4555555555555556,0.5333333333333333
1157,home_alone,5,8,0.6,0.725
1158,home_alone,5,9,0.5972222222222222,0.5833333333333333
1159,home_alone,5,10,0.6375,0.7875
1160,home_alone,6,1,0.6666666666666667,0.8194444444444445
1161,home_alone,6,2,0.8,0.8166666666666667
1162,home_alone,6,3,0.5535714285714286,0.42857142857142855
1163,home_alone,6,4,0.5138888888888888,0.5972222222222223
1164,home_alone,6,5,0.4583333333333333,0.4305555555555556
1165,home_alone,6,6,0.49242424242424243,0.7121212121212122
1166,home_alone,6,7,0.5208333333333334,0.6145833333333333
1167,home_alone,6,8,0.75,0.8194444444444444
1168,home_alone,6,9,0.575,0.675
1169,home_alone,6,10,0.4090909090909091,0.2987012987012987
1170,home_alone,7,1,0.5681818181818181,0.5151515151515151
1171,home_alone,7,2,0.45,0.7285714285714286
1172,home_alone,7,3,0.5625,0.7000000000000001
1173,home_alone,7,4,0.5875,0.6875
1174,home_alone,7,5,0.5833333333333334,0.8472222222222223
1175,home_alone,7,6,0.625,0.625
1176,home_alone,7,7,0.8194444444444444,0.7361111111111112
1177,home_alone,7,8,0.4375,0.5625
1178,home_alone,7,9,0.5625,0.75
1179,home_alone,7,10,0.5416666666666666,0.5277777777777778
1180,home_alone,8,1,0.6375,0.7875
1181,home_alone,8,2,0.8035714285714286,0.875
1182,home_alone,8,3,0.5,0.5416666666666667
1183,home_alone,8,4,0.6746031746031746,0.6666666666666667
1184,home_alone,8,5,0.5416666666666666,0.5972222222222222
1185,home_alone,8,6,0.48214285714285715,0.6071428571428572
1186,home_alone,8,7,0.46153846153846156,0.8269230769230769
1187,home_alone,8,8,0.6285714285714286,0.7571428571428571
1188,home_alone,8,9,0.35,0.48
1189,home_alone,8,10,0.538961038961039,0.6883116883116883
1190,home_alone,9,1,0.5317460317460317,0.6190476190476191
1191,home_alone,9,2,0.6666666666666666,0.6527777777777778
1192,home_alone,9,3,0.475,0.5
1193,home_alone,9,4,0.5833333333333334,0.7361111111111112
1194,home_alone,9,5,0.41558441558441556,0.45454545454545453
1195,home_alone,9,6,0.5757575757575758,0.7575757575757576
1196,home_alone,9,7,0.65,0.68
1197,home_alone,9,8,0.44642857142857145,0.4821428571428572
1198,home_alone,9,9,0.65,0.7625
1199,home_alone,9,10,0.5,0.7115384615384616
1200,brokovich,0,1,0.6625,0.7374999999999999
1201,brokovich,0,2,0.7625,0.8875
1202,brokovich,0,3,0.6666666666666666,0.7638888888888888
1203,brokovich,0,4,0.4857142857142857,0.48571428571428577
1204,brokovich,0,5,1.0,1.0
1205,brokovich,0,6,0.5928571428571429,0.6
1206,brokovich,0,7,0.5,0.41975308641975306
1207,brokovich,0,8,0.9583333333333333,0.986111111111111
1208,brokovich,0,9,0.675,0.775
1209,brokovich,0,10,0.6730769230769231,0.7692307692307693
1210,brokovich,1,1,0.5681818181818181,0.712121212121212
1211,brokovich,1,2,0.6948051948051948,0.7532467532467532
1212,brokovich,1,3,0.5,0.6375000000000001
1213,brokovich,1,4,0.4326923076923077,0.5384615384615384
1214,brokovich,1,5,0.7708333333333333,0.875
1215,brokovich,1,6,0.875,0.875
1216,brokovich,1,7,0.7083333333333333,0.75
1217,brokovich,1,8,0.725,0.775
1218,brokovich,1,9,0.9285714285714286,0.9142857142857143
1219,brokovich,1,10,0.75,0.75
1220,brokovich,2,1,0.5178571428571428,0.5714285714285714
1221,brokovich,2,2,0.775,0.8125
1222,brokovich,2,3,0.625,0.8375
1223,brokovich,2,4,0.875,0.90625
1224,brokovich,2,5,0.8333333333333334,0.9166666666666667
1225,brokovich,2,6,0.6846153846153846,0.7846153846153846
1226,brokovich,2,7,0.3939393939393939,0.3939393939393939
1227,brokovich,2,8,0.7678571428571428,0.6428571428571428
1228,brokovich,2,9,0.6666666666666667,0.763888888888889
1229,brokovich,2,10,0.6136363636363636,0.7840909090909091
1230,brokovich,3,1,0.7571428571428571,0.9
1231,brokovich,3,2,0.725,0.8125
1232,brokovich,3,3,0.6875,0.7625
1233,brokovich,3,4,0.6458333333333333,0.8194444444444444
1234,brokovich,3,5,0.8,0.81
1235,brokovich,3,6,0.7678571428571428,0.9107142857142856
1236,brokovich,3,7,0.775,0.7833333333333334
1237,brokovich,3,8,0.6666666666666666,0.6527777777777778
1238,brokovich,3,9,0.475,0.7375
1239,brokovich,3,10,0.7424242424242424,0.6969696969696969
1240,brokovich,4,1,0.6346153846153846,0.6153846153846154
1241,brokovich,4,2,0.6071428571428572,0.6785714285714286
1242,brokovich,4,3,0.7375,0.8375
1243,brokovich,4,4,0.7708333333333333,0.875
1244,brokovich,4,5,0.7638888888888888,0.8472222222222222
1245,brokovich,4,6,0.41208791208791207,0.4945054945054945
1246,brokovich,4,7,0.8214285714285714,0.9285714285714286
1247,brokovich,4,8,0.7916666666666666,0.75
1248,brokovich,4,9,0.7916666666666667,0.9444444444444444
1249,brokovich,4,10,0.75,0.888888888888889
1250,brokovich,5,1,0.7013888888888888,0.7013888888888888
1251,brokovich,5,2,0.7321428571428572,0.8928571428571428
1252,brokovich,5,3,0.8035714285714286,0.9285714285714286
1253,brokovich,5,4,0.59375,0.65625
1254,brokovich,5,5,0.525,0.575
1255,brokovich,5,6,0.6458333333333333,0.75
1256,brokovich,5,7,0.4722222222222222,0.6
1257,brokovich,5,8,0.7,0.85
1258,brokovich,5,9,0.4722222222222222,0.5138888888888888
1259,brokovich,5,10,0.85,0.9125000000000001
1260,brokovich,6,1,0.9166666666666667,0.9444444444444445
1261,brokovich,6,2,0.6333333333333333,0.7166666666666666
1262,brokovich,6,3,0.6428571428571428,0.75
1263,brokovich,6,4,0.8194444444444444,0.8888888888888888
1264,brokovich,6,5,0.5277777777777778,0.5416666666666667
1265,brokovich,6,6,0.696969696969697,0.7878787878787878
1266,brokovich,6,7,0.6458333333333333,0.6770833333333333
1267,brokovich,6,8,0.9583333333333333,0.9722222222222222
1268,brokovich,6,9,0.7125,0.8
1269,brokovich,6,10,0.5064935064935066,0.7142857142857143
1270,brokovich,7,1,0.48484848484848486,0.5
1271,brokovich,7,2,0.8571428571428572,0.9285714285714286
1272,brokovich,7,3,0.75,0.85
1273,brokovich,7,4,0.7375,0.825
1274,brokovich,7,5,0.7083333333333333,0.7222222222222222
1275,brokovich,7,6,0.8125,0.875
1276,brokovich,7,7,0.7083333333333333,0.7361111111111112
1277,brokovich,7,8,0.5,0.5416666666666667
1278,brokovich,7,9,0.7625,0.8
1279,brokovich,7,10,0.6041666666666666,0.6805555555555556
1280,brokovich,8,1,0.825,0.9249999999999999
1281,brokovich,8,2,0.9285714285714286,0.9464285714285715
1282,brokovich,8,3,0.7916666666666667,0.8472222222222223
1283,brokovich,8,4,0.6746031746031746,0.7619047619047619
1284,brokovich,8,5,0.625,0.75
1285,brokovich,8,6,0.5714285714285714,0.625
1286,brokovich,8,7,0.5961538461538461,0.673076923076923
1287,brokovich,8,8,0.5857142857142856,0.6
1288,brokovich,8,9,0.7,0.68
1289,brokovich,8,10,0.6753246753246753,0.7662337662337663
1290,brokovich,9,1,0.7777777777777778,0.6190476190476191
1291,brokovich,9,2,0.5416666666666666,0.763888888888889
1292,brokovich,9,3,0.8,0.975
1293,brokovich,9,4,0.7916666666666667,0.888888888888889
1294,brokovich,9,5,0.6233766233766234,0.7272727272727273
1295,brokovich,9,6,0.7045454545454546,0.7727272727272727
1296,brokovich,9,7,0.6499999999999999,0.78
1297,brokovich,9,8,0.6964285714285714,0.7321428571428572
1298,brokovich,9,9,0.675,0.725
1299,brokovich,9,10,0.5576923076923077,0.673076923076923
1300,star_wars,0,1,0.525,0.5875
1301,star_wars,0,2,0.8125,0.9375
1302,star_wars,0,3,0.5,0.5416666666666666
1303,star_wars,0,4,0.4642857142857143,0.4428571428571429
1304,star_wars,0,5,0.5288461538461539,0.6923076923076923
1305,star_wars,0,6,0.5928571428571429,0.5428571428571429
1306,star_wars,0,7,0.6666666666666667,0.5679012345679013
1307,star_wars,0,8,0.6666666666666667,0.7083333333333334
1308,star_wars,0,9,0.5875,0.8125
1309,star_wars,0,10,0.3942307692307692,0.5384615384615384
1310,star_wars,1,1,0.25757575757575757,0.3181818181818182
1311,star_wars,1,2,0.6493506493506493,0.7402597402597403
1312,star_wars,1,3,0.4375,0.35
1313,star_wars,1,4,0.4903846153846154,0.5961538461538461
1314,star_wars,1,5,0.6666666666666666,0.8541666666666667
1315,star_wars,1,6,0.375,0.4027777777777778
1316,star_wars,1,7,0.6666666666666666,0.7222222222222222
1317,star_wars,1,8,0.625,0.65
1318,star_wars,1,9,0.7571428571428571,0.7714285714285714
1319,star_wars,1,10,0.5576923076923077,0.5961538461538461
1320,star_wars,2,1,0.4107142857142857,0.5178571428571428
1321,star_wars,2,2,0.775,0.7125
1322,star_wars,2,3,0.5125,0.44999999999999996
1323,star_wars,2,4,0.625,0.765625
1324,star_wars,2,5,0.5,0.6111111111111112
1325,star_wars,2,6,0.7615384615384615,0.8153846153846154
1326,star_wars,2,7,0.17424242424242425,0.19696969696969696
1327,star_wars,2,8,0.5892857142857143,0.4642857142857143
1328,star_wars,2,9,0.7916666666666667,0.9166666666666666
1329,star_wars,2,10,0.5965909090909092,0.7272727272727273
1330,star_wars,3,1,0.6571428571428571,0.7857142857142857
1331,star_wars,3,2,0.4125,0.475
1332,star_wars,3,3,0.375,0.5125000000000001
1333,star_wars,3,4,0.5833333333333333,0.5972222222222222
1334,star_wars,3,5,0.6499999999999999,0.8200000000000001
1335,star_wars,3,6,0.5714285714285714,0.5714285714285714
1336,star_wars,3,7,0.5083333333333333,0.5833333333333333
1337,star_wars,3,8,0.625,0.5833333333333334
1338,star_wars,3,9,0.5125,0.54375
1339,star_wars,3,10,0.6136363636363636,0.5909090909090909
1340,star_wars,4,1,0.5192307692307692,0.6153846153846154
1341,star_wars,4,2,0.6071428571428572,0.5535714285714286
1342,star_wars,4,3,0.675,0.65
1343,star_wars,4,4,0.4236111111111111,0.2916666666666667
1344,star_wars,4,5,0.7152777777777778,0.6944444444444444
1345,star_wars,4,6,0.5989010989010989,0.5054945054945055
1346,star_wars,4,7,0.6607142857142857,0.6428571428571428
1347,star_wars,4,8,0.7083333333333334,0.6805555555555556
1348,star_wars,4,9,0.5,0.5277777777777778
1349,star_wars,4,10,0.5277777777777778,0.6666666666666667
1350,star_wars,5,1,0.5347222222222222,0.625
1351,star_wars,5,2,0.6071428571428572,0.5714285714285714
1352,star_wars,5,3,0.625,0.7321428571428571
1353,star_wars,5,4,0.3125,0.25
1354,star_wars,5,5,0.4875,0.6125
1355,star_wars,5,6,0.5833333333333333,0.5277777777777778
1356,star_wars,5,7,0.3111111111111111,0.34444444444444444
1357,star_wars,5,8,0.6,0.675
1358,star_wars,5,9,0.5833333333333333,0.5972222222222222
1359,star_wars,5,10,0.625,0.65
1360,star_wars,6,1,0.75,0.7777777777777778
1361,star_wars,6,2,0.575,0.5333333333333333
1362,star_wars,6,3,0.48214285714285715,0.4642857142857143
1363,star_wars,6,4,0.5208333333333333,0.5555555555555556
1364,star_wars,6,5,0.3680555555555556,0.45833333333333337
1365,star_wars,6,6,0.2727272727272727,0.36363636363636365
1366,star_wars,6,7,0.6666666666666666,0.75
1367,star_wars,6,8,0.625,0.736111111111111
1368,star_wars,6,9,0.6125,0.55
1369,star_wars,6,10,0.461038961038961,0.5064935064935064
1370,star_wars,7,1,0.3787878787878788,0.46969696969696967
1371,star_wars,7,2,0.4714285714285714,0.5714285714285714
1372,star_wars,7,3,0.6875,0.8125
1373,star_wars,7,4,0.5,0.7125
1374,star_wars,7,5,0.7916666666666666,0.7222222222222222
1375,star_wars,7,6,0.53125,0.53125
1376,star_wars,7,7,0.4305555555555556,0.4027777777777778
1377,star_wars,7,8,0.4583333333333333,0.5208333333333333
1378,star_wars,7,9,0.375,0.48750000000000004
1379,star_wars,7,10,0.5902777777777778,0.5833333333333333
1380,star_wars,8,1,0.6,0.6625000000000001
1381,star_wars,8,2,0.6071428571428572,0.7142857142857143
1382,star_wars,8,3,0.5833333333333334,0.625
1383,star_wars,8,4,0.4365079365079365,0.5238095238095237
1384,star_wars,8,5,0.7083333333333333,0.6527777777777778
1385,star_wars,8,6,0.7857142857142857,0.7499999999999999
1386,star_wars,8,7,0.4807692307692308,0.4807692307692308
1387,star_wars,8,8,0.5857142857142856,0.5857142857142856
1388,star_wars,8,9,0.75,0.7
1389,star_wars,8,10,0.5844155844155844,0.6753246753246753
1390,star_wars,9,1,0.5634920634920635,0.6984126984126984
1391,star_wars,9,2,0.6666666666666667,0.5972222222222222
1392,star_wars,9,3,0.525,0.6125
1393,star_wars,9,4,0.5416666666666667,0.5694444444444444
1394,star_wars,9,5,0.4935064935064935,0.5974025974025974
1395,star_wars,9,6,0.7803030303030303,0.7575757575757576
1396,star_wars,9,7,0.45,0.6000000000000001
1397,star_wars,9,8,0.375,0.39285714285714285
1398,star_wars,9,9,0.7875,0.8125
1399,star_wars,9,10,0.5096153846153846,0.6730769230769231
