r2_reg,bic_reg,aic_reg,coef_reg,pval_reg,r2_poly,bic_poly,aic_poly,coef_poly,pval_poly
0.08967484073650245,37.89689699142303,36.927083691847024,0.2994575775239331,0.3443546107344028,0.15133665358329462,39.54013233602893,38.08541238666493,0.2725114881948369,0.4778697114453466
0.03977320175260701,38.53730880551104,37.567495505935035,-0.19943219838483225,0.5343227337395575,0.04166099766709097,40.99860035877445,39.543880409410455,0.04811783150134974,0.8257265237642079
0.004813726108637617,38.966433903639306,37.9966206040633,0.06938102124239579,0.8303487821092804,0.1850597695903231,39.05355868206175,37.59883873269775,-0.364397442541587,0.39816759312353084
0.08179004732336337,38.000387601789086,37.03057430221308,-0.28598959303331917,0.36751628851958046,0.08195747467336656,40.483105959684025,39.02838601032003,0.011319671468530912,0.6805853481623149
0.09382203606468631,37.84210332796046,36.872290028384455,-0.3063038296604965,0.33288899043785203,0.18552028627536765,39.0467756542885,37.592055704924505,-0.315994377811869,0.3971560869294352
0.015253109788777586,38.839890475485134,37.87007717590913,0.12350348087717022,0.7021626705885725,0.020444066342014566,41.26137347909365,39.806653529729644,-0.05393386184226004,0.9112374890478724
0.2557385939385777,35.47998265297984,34.51016935340384,-0.5057060351019927,0.0934789218402151,0.36987572220292375,35.96718619379887,34.51246624443486,0.2921844491342237,0.12514628359144211
0.19600670545158339,36.40636589706584,35.436552597489836,0.44272644539442596,0.14949610978036132,0.23586630422731136,38.28109461837424,36.826374669010235,-0.12685168554786155,0.29803143902332124
0.09206634173133543,37.86533049691755,36.89551719734155,-0.3034243591594709,0.33768580266277276,0.2618182759111103,37.86646179318916,36.41174184382516,0.4481322946257382,0.25511429784413225
3.1872113940401015e-05,39.02395562502575,38.054142325449746,-0.00564553929579803,0.9861072710349214,0.212757274666161,38.638620830493686,37.18390088112969,0.3864671519759998,0.34079165582154625
0.0006792722277033647,39.01618406003682,38.04637076046082,0.026062851488344557,0.9359190064127724,0.01875137793546111,41.28209177645283,39.827371827088825,-0.0941373620762252,0.9183447963900401
0.04125232021185565,38.51880994038366,37.54899664080766,-0.20310667200231478,0.5266587050777809,0.06014997578385339,40.76482516443339,39.310105215069385,0.16079040118697366,0.756420876176823
0.05125621317607976,38.39294010733696,37.42312680776096,-0.2263983506478783,0.479210435918464,0.3462551097265253,36.40878779037022,34.95406784100622,-0.48392061857769336,0.14768533869347658
0.07380068030152043,38.10434826316036,37.13453496358436,0.2716628062534891,0.3930221104210556,0.1312819802514501,39.82040441130491,38.36568446194091,0.20951510084033798,0.5308291156614623
0.05067622720632048,38.400273704940965,37.43046040536496,-0.22511380945273105,0.48177477758482684,0.15976319033492015,39.42038661898315,37.965666669619154,-0.2113830139181468,0.4568858055610883
0.014432195972651662,38.849889859230615,37.88007655965461,-0.12013407498562506,0.7099731879961289,0.1792231288588657,39.13919694551284,37.684476996148845,-0.383641438095391,0.4111620231387989
0.22285305405530376,35.99882817398327,35.02901487440727,0.4720731448147669,0.12124815292951507,0.2537093178785137,37.99756354200944,36.54284359264544,0.19231491981531396,0.26796994464693125
0.15193095472285,37.04681939423965,36.077006094663645,-0.3897832150347808,0.21037910224057704,0.23290327527208265,38.327536213795455,36.87281626443145,-0.206976189500798,0.3032672952888011
0.05036471826504629,38.40421071171308,37.43439741213707,0.2244208507805069,0.48316073698293216,0.1409867294216055,39.685593847296516,38.23087389793251,0.5463927330622017,0.5046606341876307
0.10202089320607188,37.73303636856325,36.763223068987244,0.3194070963614805,0.3115324646807595,0.2062991747122387,38.736660549223316,37.28194059985931,0.4319030476874217,0.35355399055447867
0.09406097829330218,37.83893873452336,36.86912543494736,0.30669362284420304,0.3322425033871837,0.09465605085377227,40.31596050812418,38.86124055876017,0.019746914230139023,0.6392359849194742
0.010182487656656192,38.90152189075781,37.93170859118181,-0.1009083131196664,0.7550116773546127,0.011468569736191925,41.370826654755035,39.91610670539103,-0.029979252161705355,0.9494173633029228
0.004517840769649228,38.970001171834184,38.00018787225818,0.06721488503039583,0.8355807306894024,0.03764484876226881,41.04878414988622,39.59406420052222,-0.23269830022029947,0.841412944348195
0.004180428862608276,38.974067801076245,38.00425450150024,0.06465623606898502,0.8417686055297927,0.046873730255665436,40.93315010231851,39.4784301529545,0.16804585480180595,0.8057067056392737
0.007417204162923241,38.93499991566587,37.965186616089866,-0.08612319178318598,0.7901383054900735,0.16131031096340898,39.39827075767394,37.943550808309936,-0.2976694953600654,0.45311231614274056
0.007637632243104431,38.93233471662504,37.96252141704904,-0.08739354806337055,0.7871051080874678,0.18522948302625508,39.05105939040301,37.596339441039014,-0.44920700926509405,0.3977945915916603
0.0027791530327401226,38.99094183190515,38.02112853232914,0.05271767286916404,0.8707446385891124,0.04742771659720102,40.92617330499165,39.471453355627645,0.1746060153555029,0.8036014911291351
0.002534052871370096,38.993890868275116,38.02407756869911,-0.050339376946581554,0.8765355510191241,0.04681221032786498,40.93392462226731,39.47920467290331,0.19713152048204957,0.8059407530952374
0.003402786736335872,38.98343502390048,38.01362172432448,0.05833341012092297,0.8570944476076225,0.07612695787306445,40.559077341361004,39.104357391997,0.2005886961218077,0.70025356288018
0.03941132927270452,38.541830291182464,37.57201699160646,-0.19852286838725816,0.5362266374403184,0.051991490979435784,40.86854313418846,39.41382318482445,-0.14221016549535626,0.7864209229349852
0.005704798294486779,38.95568450277645,37.985871203200446,0.07553011514943532,0.8155317062125418,0.009191167163411396,41.39844074763498,39.943720798270974,0.07152666300295621,0.9592999306117184
0.018988866178852315,38.79428045624487,37.82446715666887,-0.13780009498854676,0.6693231075464379,0.04072759379115809,41.01028244133394,39.55556249196994,-0.15010520988672277,0.8293517857390666
0.0301516535917693,38.65695133308738,37.687138033511374,-0.17364231509562825,0.5893969050778674,0.0846709265571336,40.44758512320729,38.992865173843285,-0.2826517650903891,0.6715798490302316
0.0001564768219423085,39.02246022769955,38.05264692812354,-0.012509069587394867,0.9692223833091743,0.0037516310993362945,41.46414051285973,40.00942056349572,-0.057322792585400704,0.9832281525644557
0.009812490611443514,38.90600669210478,37.93619339252878,-0.0990580163916247,0.7593857720491781,0.11234946958464376,40.07911882292338,38.62439887355937,0.33634469645634957,0.5849100400560248
0.00061093561113712,39.01700462878806,38.047191329212055,-0.024717111707017902,0.9392222543972542,0.016763649859391272,41.306375744404235,39.85165579504023,0.12308433149047679,0.9267458863969423
0.0059080712191516005,38.95323098146052,37.98341768188452,0.07686397868411171,0.812324725832858,0.069771089849889,40.6413497481648,39.186629798800794,-0.27724196051838107,0.7221946166307832
0.0004233670050416416,39.01925661668629,38.04944331711029,-0.020575884064650968,0.9493926078829815,0.004323202725051378,41.45725384882907,40.00253389946507,-0.060245800801526556,0.9806922427340945
0.019462286522112238,38.7884880496604,37.8186747500844,0.13950729917144927,0.6654356694269478,0.029146921487793076,41.154283167058864,39.69956321769486,0.1276500134430381,0.8753682778460865
0.008323561892300213,38.9240373425072,37.954224042931195,-0.09123355683245349,0.7779530688332703,0.01333770164354664,41.34811537407566,39.893395424711656,-0.0799494415992905,0.941365767025572
0.0006615282261090982,39.01639713089872,38.046583831322714,-0.025720191020072253,0.9367600134450043,0.11866817529931228,39.993391804974124,38.53867185561012,-0.32679274609262043,0.5664055981068419
0.0043483511245799855,38.97204410409465,38.002230804518646,-0.06594202851429384,0.8386579773915661,0.04668479492284605,40.93552859023035,39.48080864086634,-0.2860830365923952,0.8064256625947628
0.0344559681631883,38.60357522124819,37.63376192167219,0.1856231886462153,0.5635390537444398,0.03639832890117267,41.064317458056294,39.60959750869229,0.05313595433498641,0.8463284693537988
0.04268359038828873,38.50088230904113,37.53106900946513,0.20660007354376472,0.5194164568240214,0.04987484057818692,40.89530607060908,39.440586121245076,0.12256431884565316,0.7943532611637149
0.0018634497765216418,39.00195583858034,38.03214253900434,0.04316769366692763,0.8940305080638539,0.07929062601938075,40.51791457774631,39.063194628382305,0.39115129280475114,0.6895274209605289
0.051556189166987454,38.38914531980478,37.41933202022878,0.22705988013514758,0.4778922669856902,0.05158698303556608,40.87366234986233,39.418942400498324,0.006084782901779384,0.7879320698177884
0.031962503124423614,38.63452462431913,37.664711324743124,-0.17878060052596217,0.5782508743744573,0.04241846940494698,40.98911180100639,39.53439185164238,0.13478131780657565,0.822793637087721
0.07870084327000182,38.04069235842256,37.07087905884656,0.28053670574454603,0.3771197257763391,0.08470229999398038,40.44717380917248,38.992453859808485,-0.06986355236734502,0.6714762706870193
0.0020291964879267654,38.999962999329775,38.03014969975377,-0.04504660351154968,0.8894425107817717,0.3066487859592142,37.11462147660986,35.659901527245864,0.5908045464938976,0.19243752447277154
0.0029632861780930497,38.988725871646096,38.01891257207009,0.05443607423476754,0.8665641112828651,0.29360586678880896,37.33826152722959,35.88354157786559,0.551850111665457,0.20927236216668457
0.00026383960803888495,39.02117160345018,38.051358303874174,-0.01624314033795987,0.9600407055576143,0.09957597803180651,40.25057085323091,38.795850903866906,-0.293178212690857,0.6237518226154082
0.0028659420696087734,38.98989741554723,38.02008411597123,-0.053534494203352184,0.8687570904708288,0.13209480617163738,39.80917121843008,38.354451269066075,-0.3163827892563369,0.5285977290703864
0.019382583843591927,38.789463425986646,37.81965012641064,0.13922134837585826,0.6660862779213306,0.1872118208750252,39.02182779831934,37.567107848955345,0.38519588871676347,0.3934578409532775
2.2973507296963902e-05,39.02406241123385,38.054249111657846,0.004793068672262903,0.9882049188671714,0.5186035566015834,32.73647504589241,31.28175509652841,1.0114344669286157,0.03726172428979668
0.08743032199537737,37.9264480526849,36.956634753108894,0.2956861883743934,0.3507598335735407,0.18551944421141875,39.04678806068978,37.59206811132578,0.2802082831075615,0.3971579346629032
3.277605572538089e-05,39.02394477737369,38.05413147779769,0.005725037617810125,0.9859116559266234,0.008773121834646846,41.40350275937544,39.948782810011444,0.10770551100892332,0.9611226553788171
0.08302694246303155,37.984211837474675,37.01439853789867,0.2881439613509741,0.36375774196406047,0.17017410455178017,39.27077236969177,37.81605242032777,0.30161989931417543,0.43195790344335694
0.010558020418132474,38.89696827541817,37.927154975842164,-0.10275222828791891,0.7506592301700603,0.011008211574745186,41.37641374266879,39.92169379330478,0.0179551595173625,0.9514086279348415
0.0207419481109824,38.77281708892035,37.803003789344345,0.14402065168225936,0.6551949726908066,0.14617220530616537,39.61293573326411,38.158215783900104,0.29048634697741404,0.4910958875740189
0.002476080727307539,38.994588281069696,38.02477498149369,0.049760232387999856,0.8779465622024819,0.1425227396055011,39.66411732086762,38.20939737150362,0.3984517053951909,0.500612572955294
0.055250468425380284,38.34231290562339,37.372499606047384,-0.23505418189298527,0.46209565801560853,0.07515900830849953,40.57164326083118,39.116923311467175,0.1347560854122659,0.7035610983819492
0.33311433998508866,34.16269803216616,33.19288473259016,-0.5771605842268587,0.049424464209950635,0.8211163350014403,20.857009538624514,19.402289589260512,-0.8157694836772602,0.0004330799509113437
0.015792583710419694,38.83331471372132,37.86350141414532,-0.12566854702120106,0.6971577664405315,0.09210910584123078,40.34967192765049,38.894951978286485,-0.236634869333874,0.6473683626622339
0.18041238762270018,36.63689037295183,35.667077073375836,0.4247497941408568,0.16871730992688402,0.1804358398254131,39.12145364217277,37.66673369280877,-0.007893051305389781,0.4084353398307604
0.032872015619817674,38.623244813001634,37.65343151342563,-0.1813064136201969,0.5728026329078837,0.03352767866946593,41.10001332082295,39.645293371458955,-0.027658313862792175,0.857733542250141
0.0855437422026949,37.95123036706245,36.98141706748645,-0.29247861836841155,0.35625701135045224,0.12488358827819868,39.90846443220359,38.45374448283958,-0.14658260772151294,0.5486510675467152
0.08751615536066404,37.9253193182435,36.9555060186675,-0.2958312954382348,0.35051222163168794,0.09152626314302925,40.357373148538684,38.90265319917468,-0.053973838627223575,0.6492406374200649
0.18231802213986992,36.608956519335365,35.63914321975936,-0.4269871451693482,0.16624445602496687,0.193771301225113,38.92459077013203,37.46987082076802,-0.07841361953053283,0.3793692624192606
0.10985465903351699,37.627891794904755,36.65807849532875,-0.33144329686013746,0.2926036001768773,0.15428237625080787,39.49840770827869,38.04368775891469,-0.1564523780674078,0.4704508027202604
0.0971188994286939,37.79836522681971,36.82855192724371,-0.3116390531186582,0.3240996518013405,0.16222746804561694,39.385140863129706,37.9304209137657,-0.20043662916125252,0.4508868056755215
0.06694785532296565,38.19280781121694,37.222994511640934,-0.25874283627371375,0.41677182648831923,0.15374749507968122,39.50599480944388,38.05127486007987,-0.1912814163168332,0.47179121785332706
0.08077307806757372,38.013670923229114,37.04385762365311,-0.2842060486118721,0.37064319945702306,0.16124046379372747,39.399270091691385,37.94455014232739,-0.2173205596021828,0.4532821519204709
0.030862191920346782,38.64815657165511,37.678343272079104,-0.17567638407124325,0.5849746227903959,0.03784696104369889,41.04626366449838,39.59154371513438,0.10470325631818242,0.8406180316891886
0.038626090887782016,38.551635748627056,37.58182244905105,-0.19653521538844426,0.5403982331896138,0.06250659980252982,40.73469801485555,39.279978065491555,0.1384923795634034,0.7479231669365939
0.047206636909359556,38.44405137662538,37.47423807704938,-0.2172708837128423,0.4975664945841759,0.09070918643945236,40.36816103754336,38.913441088179354,-0.1849428527474559,0.6518724332161486
0.047266157679930476,38.44330171611667,37.47348841654067,-0.21740781421082933,0.4972888166241535,0.06237040031570018,40.73644125393368,39.28172130456967,0.15038964078425854,0.7484122551157427
0.056693216101807775,38.32397343624949,37.354160136673485,-0.23810337272245438,0.45613590391740244,0.05684961778565212,40.80689030302608,39.352170353662075,-0.01558350248056932,0.7684475899217595
0.01822844749400565,38.803578505120335,37.83376520554433,-0.13501276789254327,0.6756860769401758,0.01822964865420129,41.28847047335525,39.83375052399124,-0.0013095250119685709,0.9205441169067188
0.0005820170670323144,39.01735185843161,38.04753855885561,0.024125029886665122,0.9406758577554785,0.01686025300673899,41.30519668433449,39.85047673497049,-0.10373173458192037,0.9263362185693836
0.008036263590392667,38.9275133556383,37.95770005606229,-0.08964520952283225,0.7817355642432244,0.08524297398725389,40.44008321454075,38.985363265176744,-0.19205599192120998,0.6696932050341606
0.0016603678915704245,39.00439712252792,38.034583822951916,-0.04074761209654787,0.8999443382202142,0.11213649778699653,40.081997607925416,38.62727765856141,-0.2383679910738374,0.5855418173545537
0.0029892357135343772,38.98841354766311,38.018600248087104,0.054673903404957286,0.865985765308355,0.010759611094046773,41.379429774677845,39.92470982531384,0.07108934791189495,0.9524852912579691
0.07294488467338811,38.11543098129497,37.14561768171897,-0.2700831069752201,0.39588824235883535,0.20547043683114574,38.749183739244074,37.29446378988007,-0.2339960648135842,0.35521825427770576
0.00030753471209532535,39.02064711236105,38.050833812785044,0.017536667645117854,0.9568610482908814,0.06095677930247134,40.75451947746083,39.29979952809683,-0.22297515991147845,0.7535032288371831
0.20361293975941774,36.29229863962579,35.322485340049795,-0.45123490529813604,0.14091051834737534,0.27613364474099034,37.631462796444026,36.17674284708003,-0.20249103466540216,0.23359457980494583
0.04168897673467897,38.513343359359155,37.54353005978315,0.2041787862014051,0.5244314821497895,0.24611050807907853,38.11913093642094,36.66441098705694,0.31737377249953924,0.28046883126013283
0.004533259157870617,38.969815310048716,38.00000201047271,0.06732948208527063,0.8353037850598992,0.17162877240899987,39.24971815542249,37.794998206058494,0.41721181456209966,0.4285608810514005
0.006701422738347618,38.943650359326014,37.97383705975001,-0.08186221801507433,0.8003314475771437,0.007812834919397438,41.415122566064454,39.960402616700456,-0.03822629829111235,0.9653198154456416
0.023459015320575816,38.73947539390871,37.76966209433271,-0.15316336154764942,0.6346181234478001,0.06131815576272015,40.74990057168222,39.29518062231822,-0.2619737813714999,0.752199223333726
0.0008534484659166175,39.01409234216334,38.044279042587334,-0.029213840314425372,0.9281883118276167,0.026873410729863267,41.18235150746983,39.72763155810583,0.32438663532671097,0.8846307394955358
0.029560625420149478,38.66426193780035,37.694448638224344,0.17193203721281713,0.5931252216015069,0.07525062555707995,40.5704544495095,39.1157345001455,-0.3152663987887129,0.7032475177602104
0.005276083894707129,38.96085747756684,37.99104417799084,-0.07263665668728997,0.8224972681943975,0.0427518848502787,40.984932854442334,39.53021290507833,0.26616721874463045,0.8215052428848796
0.0011219003271217831,39.01086773494751,38.04105443537151,-0.03349478059521607,0.9176946161196382,0.028410997824158346,41.16337593175332,39.70865598238932,0.15711753202292572,0.8783581915976529
0.00757245745852797,38.93312280750675,37.963309507930745,-0.08701986818266289,0.7879970540272955,0.11340094423297653,40.06489568616132,38.610175736797316,-0.41553629681634335,0.5817986242645312
0.011205889134850544,38.889108318847654,37.91929501927165,0.10585787233291005,0.7433436684574624,0.012932073551947698,41.35304769674727,39.89832774738326,0.0443961535467846,0.9431085481641313
0.03427485136650088,38.6058259707435,37.6360126711675,0.1851346843962548,0.5645843039631437,0.18992407436810144,38.98171714194999,37.526997192585995,0.4564240717181185,0.3875839332832373
0.148741086339933,37.09187069272919,36.122057393153185,0.3856696596051254,0.21565523352488564,0.15758777958163817,39.45141500709869,37.996695057734684,0.0746394557581243,0.46223301563995517
0.09912428952167374,37.771682371477425,36.80186907190142,-0.31484010151452113,0.3188878350087031,0.18871964669206798,38.99954559206758,37.54482564270357,-0.33502401681659943,0.3901838725732009
0.0011991232391660445,39.00993998333584,38.04012668375984,0.03462835888641283,0.9149178756367053,0.05318763370854962,40.85339266287684,39.39867271351284,0.27370435218250244,0.7819655983574698
0.019836680969692377,38.78390526691986,37.814091967343856,0.14084275263460472,0.6623999933461329,0.02052266880431375,41.26041052500295,39.80569057563895,-0.02250164772422447,0.9109084935024976
0.47377822628491184,31.319947711648684,30.350134412072684,-0.6883154990881089,0.013330762565800883,0.5906227384390166,30.791826968066903,29.337107018702902,-0.39041643495261813,0.01797035781066914
0.21008544677319674,36.194372098369314,35.22455879879331,-0.45835079008680346,0.1339796840284006,0.21315951072910744,38.63248794906069,37.177767999696684,-0.050955133723219914,0.3400087933351932
0.15871257283011397,36.95047518772611,35.98066188815011,-0.3983874657040732,0.19959911545305445,0.25863918952042364,37.91803056462638,36.46331061526238,-0.34153586028513383,0.2600957833993259
0.021623333158402702,38.76201157839022,37.79219827881422,0.14704874415785626,0.6483546079704432,0.02429262526731779,41.214134044336745,39.75941409497274,-0.04607594577099913,0.8952372489343329
0.00042494506396539844,39.019237671943685,38.04942437236768,-0.020614195690480036,0.9492984852264379,0.02117522879152034,41.25241306625877,39.79769311689476,0.15189308742895852,0.9081807284836145
0.12119465897894399,37.47403576616378,36.50422246658778,-0.34813023278500854,0.2674646615124084,0.164528982540181,39.352129301409555,37.89740935204556,0.19932858676598408,0.44533953318632974
0.10089732334738355,37.74804162896404,36.778228329388035,-0.31764339021516513,0.3143617681964773,0.10092560214558599,40.23257084586929,38.777850896505285,0.006915264624324624,0.619555674030341
0.10716544373762826,37.6640903051307,36.694277005554696,-0.3273613351292855,0.29894876202280024,0.19119998542688532,38.962801627183964,37.50808167781996,0.2221956059219299,0.3848444048382345
0.009792916328654422,38.90624390886381,37.936430609287804,0.09895916495532205,0.7596196398954238,0.5858590643186364,30.930657481433045,29.475937532069043,-0.7161431645500744,0.018930702116209445
0.06701519430844027,38.191941732090385,37.22212843251438,0.2588729308144059,0.4165292098187813,0.23274873171450006,38.32995355680461,36.875233607440606,0.5373807311804399,0.3035423328347979
0.025756014438583108,38.711215998254914,37.74140269867891,0.16048680456219222,0.6183044924006398,0.07062983866088757,40.6302667285801,39.17554677921609,0.1329527017628057,0.719199308984849
0.002115095008622725,38.998930076714586,38.02911677713858,0.04599016208519929,0.887139657397079,0.01057392996399742,41.38168197191611,39.926962022552104,0.07432007596654559,0.9532900753383914
0.09162683971594476,37.87113791253011,36.901324612954106,-0.3026992562196755,0.33889957529001885,0.10597344951937782,40.16500707757099,38.71028712820699,-0.12471918711548836,0.6040555435445873
0.002211883173663165,38.99776610048331,38.02795280090731,0.0470306620585247,0.8846011377046182,0.2938802736594224,37.333599084498125,35.87887913513413,-0.3929209167550846,0.20890678669736218
0.02077472342945852,38.772415447695195,37.80260214811919,-0.14413439363822417,0.6549375891247177,0.3230063392023672,36.82812430891113,35.37340435954712,-0.40293121849405406,0.17283460815130616
0.13838227924511026,37.23701506344178,36.26720176386578,-0.37199768715021675,0.23376075638137497,0.28069420071313234,37.555620349422725,36.10090040005872,-0.38375928671036613,0.22704452194403485
0.04095388755181062,38.52254464008281,37.55273134050681,0.20237066870426323,0.5281900329261151,0.08973713676404371,40.38098242046085,38.926262471096855,-0.20285199070301685,0.6550141947676373
0.06601977426751171,38.204737945647665,37.23492464607166,-0.2569431343070132,0.4201353138718423,0.09316723112893843,40.3356780561315,38.880958106767494,-0.15845182127441854,0.6439800646919189
0.012136826061442396,38.8778051515956,37.9079918520196,-0.11016726401904728,0.7332248987182808,0.32344344579904405,36.820373906621896,35.36565395725789,-0.4776701769667706,0.172333010772419
0.005660580892554279,38.95621814411783,37.98640484454182,-0.0752368320209873,0.8162371910609499,0.49121777776369924,33.40042224859651,31.945702299232515,0.6158393930841916,0.04779623364485358
0.03080951769412954,38.648808773573535,37.67899547399753,-0.1755264017010827,0.5853002571016004,0.10704793043054706,40.15057626978937,38.695856320425364,-0.21417144165178148,0.6007954939265789
0.30942117606347164,34.581636203131644,33.61182290355564,-0.5562563941776055,0.06035342098935842,0.3094440883806351,37.06614470522426,35.61142475586026,-0.00569104863528648,0.18897084872017075
0.014354418518620071,38.850836818556004,37.88102351898,-0.11980992662805476,0.7107259523012988,0.12823872204045594,39.86236886994209,38.40764892057808,-0.342402417223558,0.5392486734938693
0.10748068924556775,37.65985255013493,36.690039250558925,-0.327842476268052,0.2981968787388398,0.4222691209114934,34.92547923605551,33.470759286691504,-0.45600090163317564,0.08467693179287626
0.09411098691265041,37.838276305837184,36.86846300626118,-0.3067751406366731,0.33210738921156197,0.15854206459231102,39.437813695483996,37.98309374611999,-0.190116344889102,0.4598814021990404
0.14737588031071813,37.11110027074086,36.14128697116486,-0.38389566331324754,0.21795505460233405,0.18237580698215639,39.093015110062524,37.63829516069852,-0.13672629642593295,0.4041027451889666
0.03709069787334229,38.57078544548634,37.60097214591033,-0.19258945421113383,0.5487195603713713,0.18906545064638225,38.994429565198615,37.53970961583461,-0.27273010140514975,0.3894360184944071
0.04303858312041242,38.49643163550215,37.526618335926145,-0.20745742483799465,0.517645697501708,0.06436229133258664,40.71092145640699,39.25620150704299,-0.16115782158487557,0.7412841686834658
0.11085888869365235,37.61434618825349,36.64453288867749,-0.33295478475860996,0.29027352580027843,0.19267776846087137,38.94085600841291,37.4861360590489,-0.19251381939623607,0.3816902830082406
0.12318539142349372,37.446821676259404,36.4770083766834,-0.3509777648562568,0.2633038787100919,0.14780427579897393,39.58997608274187,38.135256133377865,-0.11231698634516259,0.48688576664482325
0.22243252184740692,36.005319895600586,35.03550659602458,-0.47162752448029077,0.12164860288574199,0.29085929291587,37.38482898272175,35.93010903335775,0.1981064439152278,0.2129589379716471
0.28066697070608415,35.07116796248114,34.10135466290514,-0.5297801154310006,0.07646930949178712,0.30237737525015596,37.188321050527385,35.73360110116339,0.13082717706080046,0.19783016163436745
0.04857618643728523,38.42679011318301,37.45697681360701,-0.22040005997568396,0.49123829790078655,0.13871530233837248,39.71728270741471,38.262562758050706,-0.2567854905879609,0.5106934532537952
0.07392625020812515,38.102721247245285,37.13290794766928,0.2718938215703426,0.39260385512606333,0.11048623343863395,40.104281203219344,38.64956125385534,0.2706330356918984,0.590455309520644
0.000429063590965284,39.019188228507126,38.04937492893112,0.020713850220686142,0.9490536602664199,0.11931029797599724,39.984645632076166,38.52992568271216,0.2625474072146412,0.5645509357596824
0.020707898798680624,38.773234327914224,37.80342102833822,0.14390239330421445,0.6554626128703489,0.06186915983484653,40.74285453122178,39.288134581857776,0.17192121277993405,0.7502143369758539
0.012058522534156957,38.87875630061456,37.90894300103856,-0.10981130421845059,0.7340592666593184,0.13129423071443158,39.82023518885417,38.365515239490165,-0.39888944103655166,0.530795431153802
0.38967687735090883,33.099137062883344,32.12932376330734,-0.6242410410657959,0.0300347475959742,0.39457813241225637,35.48728760041239,34.03256765104838,-0.054989716086737334,0.10453493787744303
0.12750051059192158,37.38761957515175,36.41780627557575,-0.35707213639812574,0.25452582379829125,0.3810229166147202,35.75300039854527,34.29828044918126,-0.8066234325418392,0.11548765586044067
0.01895468912001752,38.79469851221585,37.82488521263985,0.13767602957674863,0.6696059061860284,0.20454643825489605,38.76313103716123,37.308411087797225,0.35107312372782795,0.3570809968805101
0.10153555180568896,37.73952039855698,36.76970709898097,-0.3186464369888497,0.3127509642400369,0.4229471121431879,34.91138846694696,33.45666851758296,-0.4856968619369393,0.08423067568788803
0.42909326483970966,32.297985072827714,31.32817177325171,-0.6550521084919196,0.02077805526067751,0.45063656772813554,34.32130394317844,32.866583993814444,-0.11309518285049369,0.0675101176542838
0.16213976032761224,36.90149044637181,35.931677146795806,-0.40266581718294897,0.19436765973318987,0.1907112135896768,38.97005124441304,37.51533129504904,-0.17855823625360245,0.3858920687713811
0.2565773800703729,35.466450969541334,34.49663766996533,-0.5065346780531153,0.09285462464405474,0.3795246878627112,35.78201120016322,34.32729125079922,-0.2977264514515749,0.11675091096186516
0.46275715810210627,31.56867729075336,30.59886399117736,-0.6802625655598773,0.01491549327998572,0.46294378976757133,34.049414561440315,32.59469461207631,-0.012139181280781841,0.060966160215011514
0.01788144622647181,38.80781908379673,37.83800578422073,-0.13372152491828654,0.6786403988867231,0.19924984329468343,38.842769208739625,37.38804925937563,-0.376058343945894,0.3679058092954741
0.06874014421078778,38.16973498512944,37.199921685553434,-0.2621834171163154,0.4103790248595519,0.0691789233624086,40.64898629542577,39.194266346061774,0.011620603912552083,0.7242657332446868
0.03473463489758588,38.600111388058565,37.63029808848256,-0.18637230185192727,0.5619377052488006,0.03540565260966144,41.07667316923535,39.62195321987135,0.01406252553970698,0.8502589393242712
0.035082445260458006,38.59578669493571,37.62597339535971,-0.18730308395874898,0.5599505912245084,0.05203174676866584,40.86803356099067,39.41331361162666,-0.13991314538554397,0.7862706601581063
0.0021750810671045118,38.998208696588705,38.0283953970127,-0.04663776438793599,0.8855595788053778,0.0023268478592147757,41.481290036159436,40.02657008679543,0.013098576136930579,0.9895717390208919
0.046839064959205756,38.448679885777835,37.47886658620183,-0.2164233466130808,0.49928673640182897,0.16626694014609278,39.32714074657591,37.8724207972119,-0.3290099512911321,0.4411858781707539
0.12493683821582868,37.42282757248579,36.45301427290978,-0.35346405505486517,0.2597018220633916,0.13264605486812842,39.801547014722516,38.34682706535852,-0.07307395756710458,0.5270885861886269
0.052538904893558946,38.376705255181264,37.40689195560526,-0.22921366646332242,0.4736121950434905,0.10983733870801238,40.113031936769175,38.65831198740517,-0.3042778098755422,0.5923960860399782
0.05105779197156801,38.39544953668331,37.425636237107305,-0.22595971316048372,0.48008538710551163,0.16388860502623304,39.3613236199022,37.9066036705382,-0.34634360140262443,0.44687765585020384
0.10683903113825244,37.66847659969977,36.69866330012377,-0.32686240398408095,0.2997295673936034,0.2115851742456617,38.65647395807289,37.20175400870889,-0.2531182994746538,0.3430808842156291
0.08192632800530864,37.99860643011782,37.028793130541814,-0.2862277554768383,0.36709979049393143,0.1833493578658042,39.07871811211038,37.623998162746375,-0.22384252109821107,0.40194199661045477
0.014773965016473434,38.84572785254499,37.875914552968986,0.1215482003835257,0.7066919787909811,0.06413005666792093,40.71389960719074,39.259179657826735,0.21585415857850976,0.7421125021519683
0.0026003485162618967,38.99309327294885,38.023279973372844,-0.05099361250452812,0.8749419872939809,0.0026054641241142207,41.47793837524024,40.023218425876244,-0.002331541432921247,0.9883287544746309
0.2133806538617169,36.144208200641174,35.17439490106517,-0.4619314384859695,0.13057745114929026,0.4951354923609257,33.30766249734508,31.85294254798108,-0.6547103728206083,0.0461622302019478
0.0533220393382835,38.36678242101176,37.39696912143576,-0.23091565416464002,0.47024253964861323,0.07916837439409985,40.5195078298171,39.0647878804531,-0.1917727584381293,0.6899395156770322
0.24753563733599593,35.611518391688946,34.64170509211294,-0.49752953413440315,0.09979095091250673,0.24763695986098966,38.0948090816672,36.6400891323032,-0.008091974731726043,0.2779223907506563
0.011269879640868674,38.8883317052817,37.9185184057057,0.10615968934048764,0.7426337448913171,0.0825668559796392,40.475137915142696,39.02041796577869,0.2671603589685797,0.6785547829663309
0.2201751221825654,36.04010729499322,35.07029399541722,-0.4692282197210282,0.12381961445221534,0.4421056726100542,34.5062162026077,33.0514962532437,-0.4506024231988537,0.07235753362099774
0.05714793750337677,38.318187436904864,37.34837413732886,-0.2390563479671203,0.45428076853184884,0.08242170988402264,40.47703627187076,39.022316322506754,0.17836119606185585,0.6790380070847292
0.001177348992572047,39.01020158513968,38.04038828556368,0.03431251947281233,0.9156914490459575,0.005282415082083491,41.445687749890624,39.990967800526626,0.04887682056212336,0.9764479100172261
0.11393750078139031,37.5727246166543,36.602911317078295,-0.3375462942788594,0.28325996978719103,0.11959067864793571,39.98082464524121,38.52610469587721,0.08847898166829365,0.5637425868924807
0.009933126336218567,38.90454462873406,37.934731329158055,0.09966507079322594,0.7579499776404418,0.3308232083411736,36.68876085192578,35.23404090256178,-0.43626003551243764,0.16403401561449488
0.003909131205595107,38.97733659453103,38.00752329495503,0.06252304539603908,0.8469338496009216,0.5242095638526414,32.59591136361635,31.141191414252354,-0.6660519544228951,0.03534847532170575
0.009857374949674536,38.90546273021732,37.93564943064132,-0.09928431371407483,0.7588504558116941,0.2634408412394079,37.840056080805894,36.38533613144189,-0.459717633919123,0.25260058591001744
0.04092122640205054,38.522953303564535,37.55314000398853,-0.2022899562559904,0.528358079106146,0.17451658586637442,39.20781145354805,37.75309150418404,-0.32054253663193855,0.42187868407424545
0.0031516097963403267,38.98645905755423,38.016645757978225,-0.0561392001754613,0.8624238406435409,0.12153973770988757,39.95422947464483,38.499509525280835,-0.28141580414817424,0.5581482187562286
0.006098199759009049,38.95093565984865,37.98112236027265,-0.07809097104665125,0.8093770280969274,0.0824777036929506,40.47630396791716,39.021584018553156,-0.23103413311366816,0.6788515593550151
0.008604585233917716,38.92063627550391,37.950822975927906,-0.09276090358506636,0.7743200073525427,0.1360362027494333,39.75455179764019,38.29983184827619,-0.44007067212385764,0.5178809674282996
0.018392814145627212,38.801569315771864,37.83175601619586,-0.13562010966529658,0.6742979467369773,0.026110827905447942,41.19175152830428,39.737031578940275,-0.10775674094692982,0.8877545722966759
0.02777360064967771,38.68633913047245,37.716525830896444,-0.16665413481122401,0.6046874980765495,0.42095277557909816,34.95278983392907,33.49806988456507,-0.6208677779377965,0.08554860439263749
0.08807285946104071,37.917995914179244,36.94818261460324,-0.2967707186719084,0.348911436751642,0.2631111818480192,37.84542568030945,36.39070573094545,-0.36563551515886084,0.2531097348418448
0.05945275272490769,38.288817354499734,37.31900405492373,-0.24382935164763828,0.4450433567583282,0.1404823320308698,39.69263796704655,38.237918017682546,-0.27128587856498876,0.505995480166873
0.015496837561844501,38.83692007232298,37.86710677274698,-0.12448629467473273,0.699889376583411,0.3744044926407136,35.88062949298151,34.425909543617514,-0.5002318469798376,0.12114940778803573
0.010971368423482786,38.891954123468274,37.92214082389227,0.10474430019567979,0.7459645584847858,0.088258554729152,40.40045876113774,38.94573881177374,-0.31875777485868845,0.6598156874334346
0.00043101513505394706,39.01916479990284,38.049351500326836,-0.020760904003772028,0.9489380629065676,0.26040392447642224,37.889431717900315,36.43471176853632,-0.4974544049279789,0.2573212729133128
0.0008020652314302268,39.01470945179403,38.04489615221803,-0.0283207561945375,0.9303788691718801,0.0037255751899011313,41.464454357112075,40.00973440774807,0.06447933144594804,0.9833438770633841
0.06417475312333265,38.22841983260352,37.25860653302752,-0.25332736355027424,0.4269331719005463,0.06670408771963998,40.68084915096337,39.22612920159936,0.047199370768137294,0.7329715813003058
0.002800343336545441,38.99068683688759,38.02087353731159,0.052918270347256456,0.8702564664349673,0.46567797898379004,33.9881657123085,32.533445762944496,-0.5046878112038009,0.05958182877415111
0.005174543905407281,38.96208235782333,37.992269058247324,0.07193430270328237,0.8241898734359547,0.052998288238066515,40.85579220745696,39.40107225809295,0.14386891399548984,0.7826695505208486
0.008913757846490289,38.91689341980786,37.94708012023186,-0.09441269960386851,0.7703955958024659,0.33138878834492647,36.67861431087057,35.223894361506574,-0.551399642430089,0.1634110598220907
0.0021742229890130416,38.99821901596686,38.02840571639086,-0.04662856408911858,0.8855820238589419,0.28051477511252165,37.55861328888691,36.10389333952291,-0.47641161168830104,0.22729948893986296
0.004298809598026865,38.972641183936084,38.00282788436008,-0.06556530788478773,0.8395691337641171,0.03242076400558391,41.113749229120344,39.65902927975634,-0.14780347049637108,0.8621630966774771
0.042183103323571,38.507154295323886,37.53734099574788,-0.2053852558573063,0.5219300109985434,0.04474540986005726,40.95991609633241,39.50519614696841,-0.041821223976767394,0.813834505595687
0.01309217249866812,38.8661945312931,37.89638123171709,-0.11442103171475189,0.7232748124959788,0.32121796091912413,36.85978227688885,35.405062327524846,-0.5571072893416389,0.17489868317189894
0.015244716144955817,38.83999275892223,37.870179459346225,-0.1234694947950945,0.7022413221885877,0.6318450297303035,29.518228971149597,28.063509021785595,-0.5902367855971968,0.011146486802843678
0.18861966482375458,36.51611772638989,35.54630442681389,-0.4343036550891032,0.15831821309553137,0.37282444418967287,35.91089933561066,34.45617938624666,-0.3480447552672999,0.12253243249230533
0.0007536927453780651,39.01529037351357,38.04547707393757,0.02745346508873314,0.9325065861311521,0.016320500338441346,41.31178298573782,39.857063036373816,0.13111093943156046,0.928626969902005
0.25593621599358174,35.47679589690018,34.506982597324175,-0.5059013895944365,0.09333148861583043,0.7322165226944495,25.69832620007672,24.24360625071272,-0.7739392349899903,0.002660890454637437
0.08835376094269676,37.91429897733618,36.94448567776018,-0.29724360538571204,0.34810711320948345,0.5517578104924934,31.880185653552697,30.425465704188696,-0.562485530187172,0.027027587921304656
0.0015425793622337869,39.00581285213522,38.03599955255922,0.03927568410904875,0.9035435176982242,0.23716189442662983,38.26073132665017,36.806011377286175,-0.601115601149294,0.295764268437353
0.00037566340392480857,39.01982928869098,38.050015989114975,-0.019382038177777033,0.9523258985287787,0.40093661632282285,35.360590298558684,33.905870349194686,-0.7534751691588177,0.09968446636701823
1.773663710302742e-05,39.024125254955365,38.05431195537936,-0.00421148870389601,0.9896360346155018,0.5196370167482838,32.710685797167734,31.255965847803733,-0.8050687939816847,0.036903104233103334
0.006951645080907398,38.9406270524928,37.9708137529168,-0.08337652595849496,0.7967055469281115,0.19825698584792084,38.857638901918136,37.40291895255414,-0.4472534382710478,0.3699630320794733
0.00526270370227111,38.961018890423986,37.99120559084798,-0.07254449463791983,0.8227193303916425,0.017185706750973417,41.30122360573088,39.84650365636688,0.1200339191208047,0.9249570937279802
0.04824790562704584,38.43092989841833,37.461116598842324,-0.2196540589814952,0.49274364249888036,0.09786750090219798,40.27331824722924,38.818598297865236,-0.23848285036717054,0.6290953542794602
0.19797038554020985,36.37702114404386,35.407207844467855,0.44493863120683297,0.14723244449367384,0.37102865694365983,35.94520975209494,34.490489802730934,0.611039732765061,0.12411917045717856
0.13853982898281347,37.2348206218942,36.2650073223182,0.37220938862797853,0.2334737284545629,0.23618547952680868,38.276081223798485,36.82136127443449,0.26247238318172694,0.2974716594375116
0.005165729597612523,38.962188679212986,37.99237537963698,-0.07187301021672066,0.8243376151319979,0.1543161784585101,39.49792807466645,38.04320812530245,0.4009689682990523,0.4703661938227673
0.03637425926707183,38.57971055038223,37.60989725080623,-0.19072036930299838,0.5526797725469288,0.19128294312319072,38.96157073772491,37.50685078836091,0.24308030987752707,0.3846668079837974
0.007911029296342686,38.929028246372,37.959214946795996,0.08894396717227572,0.7834068923083717,0.009430709639919432,41.39553922197619,39.94081927261219,0.05299018019711421,0.9582567107526869
0.09411766869230531,37.838187794275164,36.86837449469916,-0.3067860307972081,0.33208934123870776,0.09827158622894439,40.26794197462698,38.81322202526298,-0.06054031351466374,0.6278283114085803
0.12365509281338416,37.44039166602603,36.47057836645003,-0.3516462609119912,0.26233255186034266,0.18264689639654597,39.08903576061319,37.634315811249195,0.2610113053932029,0.4035001701352165
8.126935025243309e-05,39.02336282465474,38.053549525078736,-0.009014951483647338,0.9778171716299503,0.0020316034263728744,41.48484070709253,40.030120757728525,-0.039822369803598885,0.9908902329682293
0.1913462911789715,36.47572407259117,35.505910773015174,-0.43743147026588247,0.1550044290271123,0.3004037439958176,37.22222209656974,35.76750214720573,0.22237203071248135,0.20036120954748124
0.03849606026409813,38.55325869881864,37.583445399242635,0.19620412906995127,0.5410944245975593,0.24608799631319644,38.119489261029834,36.664769311665836,0.3713528293965913,0.28050652087388644
0.1471759957258636,37.11391315609988,36.14409985652388,0.3836352378573477,0.21829391289954145,0.14727159405328472,39.59747457612727,38.142754626763264,-0.00618889612584593,0.48825678448571685
0.003525031785693078,38.981962984294725,38.01214968471872,0.05937197811841262,0.8545738242050577,0.20048157920381882,38.82429626733918,37.36957631797518,0.30900361443315416,0.36536600309827
0.012065567462898663,38.87867072930467,37.90885742972867,-0.1098433769641976,0.7339840774689276,0.04198137425975046,40.994588039683904,39.5398680903199,-0.1773541915019087,0.8244850536080401
0.035919095978212634,38.58537734577631,37.615564046200305,-0.18952333887469586,0.5552222086563198,0.3683196317790316,35.9967836352284,34.54206368586439,-0.5310610736997629,0.12654302416757363
0.011153098428087649,38.8897489694787,37.9199356699027,-0.1056082308728237,0.7439310052051604,0.014537521780230711,41.33351402269302,39.87879407332902,-0.07827096615687262,0.9362253983013191
0.03686479405595533,38.57360038128841,37.603787081712404,0.19200206784291557,0.549962842971883,0.057650964928650406,40.79669017651656,39.34197022715256,0.1582121903465151,0.7655138558472925
0.05745203729663795,38.314316430750196,37.34450313117419,0.23969154615179553,0.45304623175964726,0.12341336483830834,39.928607898246895,38.4738879488829,0.26232153762161914,0.5528111603252438
0.0009140513150066587,39.01336446471242,38.043551165136414,0.030233281578529794,0.9256883856446821,0.020841975896417786,41.25649791806586,39.801777968701856,-0.17502537452588912,0.9095729634213587
0.12951141051240933,37.35993056219244,36.390117262616435,0.35987693801132825,0.2505441636643073,0.17351219789630057,39.2224033023739,37.7676833530099,0.23336592510589887,0.4241935078333597
0.0011690429114836753,39.010301375186025,38.04048807561002,0.03419126952137974,0.9159884397905292,0.014799223914165771,41.330326846376806,39.8756068970128,0.10874253577861584,0.9351070984444299
0.2896819039833657,34.919829455844834,33.95001615626883,0.5382210549424522,0.0710448675716488,0.29115920750561886,37.379752787959376,35.92503283859537,-0.034603130228457984,0.21255394067283623
0.004649832613108806,38.96840997592817,37.998596676352165,0.06818968113365104,0.8332255002668915,0.05728421533799821,40.80135950681999,39.34663955745599,0.15228118588250739,0.7668554439559451
0.19833957516223655,36.371496042017874,35.40168274244187,0.4453533149783852,0.14681057368402706,0.2033198241225047,38.78162115787546,37.32690120851146,-0.07305326468980652,0.35956552706456896
0.023064315497487442,38.74432459228025,37.77451129270425,-0.151869402769246,0.6375163644041018,0.21912214622497173,38.54120628321003,37.086486333846025,0.6628738272689247,0.328567026555481
0.030883581193180798,38.64789172376214,37.67807842418614,-0.17573725044275795,0.5848424929305956,0.049138560676031506,40.904601621954356,39.44988167259036,0.1367627772729616,0.7971270747006867
0.1240605676073332,37.434838118003796,36.46502481842779,-0.3522223269574677,0.2614971963265685,0.12406167417713243,39.91972960824366,38.46500965887966,-0.0010343586503734903,0.5509737141069538
0.04392931732241312,38.48525690278447,37.51544360320847,-0.2095932186937667,0.5132459218445935,0.1556179719533437,39.47944178310421,38.0247218337402,0.40682417083031164,0.4671167226122703
0.16093648747348288,36.91871159516735,35.94889829559135,-0.4011689014286661,0.19618833480633893,0.1818900044569992,39.10014295578961,37.6454230064256,-0.18615804203015326,0.40518433331584963
0.00011988319242905998,39.02289941194023,38.05308611236423,-0.010949118340268307,0.9730592106386703,0.14493070705334765,39.6303715189092,38.175651569545195,0.32223517303339655,0.49431739887859555
0.018176677234567062,38.80421126610503,37.834397966529025,-0.13482090800230914,0.6761247817182992,0.10285624271595017,40.206774763472765,38.75205481410876,-0.2883461785421695,0.6135912779698209
0.04077224635648469,38.524817198124666,37.55500389854866,-0.20192138657528258,0.5291257450463452,0.044945703346894295,40.95739972647466,39.502679777110664,-0.09844827657751194,0.8130669020906802
0.01161865528195316,38.88409794526325,37.914284645687246,-0.1077898663231064,0.7388024923333625,0.049633755745676855,40.898350565311915,39.44363061594791,0.22926805764023367,0.7952606806699247
4.0634317362786554e-05,39.023850474772644,38.05403717519664,-0.006374505264166941,0.9843135908418197,0.00648723214170277,41.43114435811019,39.97642440874619,-0.09754927030805871,0.9711370810151507
0.021671424007009166,38.761421719303875,37.79160841972787,0.14721217343348125,0.6479861295148623,0.028133390057351382,41.16680414817726,39.71208419881326,0.12242854060404001,0.8794881184903484
0.015828159844969658,38.832880942014725,37.86306764243872,-0.12581001488343335,0.6968311233192079,0.05935700147823664,40.774945587233546,39.32022563786954,0.2682337988779181,0.7592970676816744
0.012566990755825902,38.872578617511095,37.90276531793509,0.11210259031720023,0.7286931602638631,0.0160035524532941,41.3156488404382,39.860928891074195,-0.06806211950028096,0.9299741725340507
0.024042470218280765,38.73230359948326,37.762490299907256,0.15505634530157444,0.6303866513936005,0.039441160414711796,41.02636427442383,39.57164432505982,0.1221580741652657,0.8343684589001914
0.00015776320737481697,39.02244478864857,38.05263148907257,-0.012560382453374375,0.969096184897204,0.18586081300026247,39.04175751191465,37.587037562550655,-0.40021296873032447,0.3964094200191177
0.008047703241144455,38.92737496690941,37.95756166733341,-0.08970899197485521,0.7815835882597046,0.008056088999725763,41.4121801707623,39.95746022139829,-0.003002902568528691,0.96425527067829
5.852044372067766e-05,39.02363583061485,38.05382253103885,-0.007649865601472072,0.9811756277227669,0.04462513903878185,40.96142685484854,39.506706905484535,-0.2681828176180215,0.8142957015038035
0.011530405028603141,38.885169349302515,37.91535604972651,0.10737972354501307,0.7397659029218968,0.09728878338397362,40.28101377277113,38.82629382340713,0.31910645299286816,0.6309134336071268
9.854559701594212e-08,39.02433691394093,38.054523614364925,-0.0003139197301886554,0.9992274632654399,0.00037329678682329615,41.504764348523196,40.05004439915919,0.022511830223880064,0.9983212615030848
0.00032372994699292335,39.02045270818203,38.050639408606024,0.017992496963821186,0.955740696265435,0.02127494689498277,41.251190499938645,39.79647055057464,0.13333267434342094,0.9077644572240486
0.0059853963478340155,38.952297528922124,37.98248422934612,0.07736534332525175,0.811119986784117,0.31363042964798804,36.993175977930164,35.53845602856616,0.6688229066923317,0.18387009279675642
0.036046771028059865,38.58378805793727,37.613974758361266,0.1898598720848087,0.5545069428889833,0.04369365011869686,40.9731211351106,39.5184011857466,0.1469115101253783,0.8178745187667068
0.0397802056253852,38.53722127746036,37.56740797788436,0.19944975714546592,0.5342859984560409,0.04141512939967973,41.00167864400714,39.54695869464314,0.03520220967883966,0.8266802572943978
0.0038401082907594253,38.97816809124298,38.008354791666974,-0.0619686073004674,0.8482772632614134,0.007716785627245315,41.416284177261744,39.96156422789774,0.059781183721085096,0.9657404044091193
0.1049813350165647,37.69340962215244,36.723596322576434,0.3240082329456535,0.30421814510824785,0.10526882283907202,40.17446114781244,38.71974119844843,0.014070869473625944,0.6062008880439707
0.0019567894554571863,39.000833618858394,38.03102031928239,-0.04423561297707149,0.8914224457385076,0.23502061525240303,38.294368023543385,36.83964807417939,0.41363289077708787,0.2995185966526846
0.10159106278653307,37.73877896426812,36.76896566469212,0.31873352943569244,0.3126113174358249,0.10522956790680038,40.174987617512045,38.72026766814804,0.07462631567808237,0.6063205797585045
0.011650104924639915,38.88371610710066,37.91390280752466,0.10793565177752945,0.7384601305294077,0.3124341037478864,37.01407348698825,35.55935353762425,0.49752834897866166,0.1853166635659532
0.0006299093427303282,39.01677680266048,38.04696350308448,0.025097994795013234,0.9382872488294411,0.3548362436480176,36.250231443161496,34.7955114937975,-0.6119900838820496,0.13916013081469214
0.0145992025496543,38.84785626120442,37.87804296162842,0.12082715981787526,0.7083644476019288,0.6956385693646416,27.234772339709984,25.780052390345983,-0.7318535172126882,0.004734272759293818
0.005718758993252915,38.955516012009284,37.98570271243328,0.07562247677280191,0.8153095587674178,0.3112041310097363,37.035520866826204,35.5808009174622,0.38792285377130015,0.18681313220151777
0.12904768457916527,37.36632148974533,36.39650819016933,-0.35923207621141684,0.2514563475969165,0.16130078632703382,39.398407035714555,37.94368708635055,0.1115084159086342,0.4531354727064181
0.06629313037423046,38.201225287331184,37.23141198775518,-0.257474523738234,0.4191408017238285,0.09034578753579392,40.37295589042735,38.918235941063344,0.1729412489220301,0.6530455997739186
0.046659998746627296,38.45093406201909,37.48112076244308,0.21600925615960895,0.5001281779859963,0.10254011407851715,40.211002486628004,38.756282537264006,0.17671741368163313,0.6145648347726719
0.00023014682292055166,39.02157601675898,38.051762717182974,-0.015170590724181712,0.9626775783808061,0.003319549218832818,41.46934389252495,40.01462394316095,0.0903662608417179,0.9851485665914995
0.02058870929117529,38.774694757398066,37.80488145782206,0.14348766250509326,0.6564015178570413,0.199799065766328,38.83453576556252,37.379815816198516,0.3970301258916943,0.36677163675792424
0.10846601563657687,37.646597432783125,36.67678413320712,0.3293417915123693,0.2958607011762168,0.16670347669484253,39.3208559886356,37.8661360392716,-0.2762696141129953,0.44014732255809536
0.0014014027316592292,39.007509469109934,38.03769616953393,-0.03743531396501353,0.9080459558469125,0.004358576812736548,41.45682750908297,40.002107559718965,-0.04781175924248733,0.9805354647363914
0.26662680041183473,35.303131296007905,34.3333179964319,0.5163591777162819,0.08566591530749068,0.31162976504591944,37.02810330320451,35.57338335384051,-0.15138484763909332,0.18629421737924057
0.4402400525433924,32.061371067541565,31.09155776796556,0.6635058798107164,0.01865241148625927,0.6432892561219538,29.139283943916446,27.684563994552445,-0.6170938344665494,0.009669919436007481
0.0006803251568784363,39.01617141629152,38.04635811671552,0.026083043474228795,0.9358694501798671,0.013795337820866949,41.34254821284665,39.88782826348265,0.12620887336692488,0.9394025414122175
0.019170313477258838,38.79206073733138,37.82224743775538,-0.1384569011543267,0.6678266202853589,0.022417092674238526,41.23717864578734,39.78245869642333,0.05897878048879515,0.9030071679357577
0.06265686371689694,38.247867819263774,37.27805451968777,-0.250313530830631,0.4326402050929498,0.1079623437394498,40.13828156522281,38.68356161585881,-0.1599928209375093,0.5980318934680944
0.005683759474352734,38.95593841446201,37.98612511488601,-0.07539071212260226,0.8158670208767637,0.006809588379451892,41.42725019321743,39.97253024385343,-0.035135247116319955,0.9697199530187736
0.09390238145837682,37.841039312383316,36.87122601280731,-0.3064349546941027,0.3326714383891404,0.17740754125685565,39.16571205650119,37.71099210713719,-0.20463939365166933,0.41527066826389614
0.02003011215569972,38.781536882739154,37.81172358316315,-0.14152777874219502,0.6608446358851362,0.18221023561305383,39.09544490030251,37.640724950938505,-0.29432524438287533,0.4044711198295169
0.04456894724194804,38.47722598219611,37.50741268262011,-0.21111358848247638,0.5101239468755128,0.14248781393764787,39.664606079577084,38.209886130213086,-0.23404609631026352,0.5007043358975627
0.02879571608935294,38.67371672359924,37.70390342402324,-0.1696930054225954,0.5980198599216215,0.09536295404192041,40.306587107285125,38.85186715792112,-0.2028005586788464,0.6369929986366485
0.00447053726130775,38.970571376542125,38.00075807696612,-0.06686207640589542,0.8364334675015684,0.1411789720626191,39.682908010014316,38.22818806065031,-0.24295230925414033,0.5041526014432598
0.08208324206251272,37.9965552552747,37.0267419556987,-0.28650173134295864,0.3666209679468632,0.1897010686929992,38.98502016545306,37.53030021608906,-0.2395357101044026,0.3880643052897185
0.016724066902523815,38.82195217879173,37.85213887921573,-0.12932156395019268,0.688738375589182,0.09541491409931424,40.30589783792685,38.85117788856285,0.39574638623327973,0.6368283725052457
0.08437128229047686,37.96660617863386,36.99679287905786,-0.29046735150525393,0.35972707114737185,0.08954717808238488,40.383486385475024,38.92876643611102,-0.0788650922472846,0.655629533355159
0.11583402854936431,37.54701229499641,36.5771989954204,-0.34034398562243506,0.279034244670202,0.15401131735209073,39.50225318287454,38.047533233510535,-0.16031831661214777,0.47112970708956403
0.06579865121509054,38.20757865093846,37.237765351362455,-0.25651247769863117,0.4209421551795153,0.07478285926052264,40.57652287899971,39.121802929635706,0.11824594122971639,0.704849693063645
0.04133291575994413,38.51780113770229,37.54798783812629,-0.20330498213261833,0.5262464274360266,0.06823935594350461,40.66109294272927,39.20637299336527,0.18870580114111102,0.7275613698370111
0.06375803885882869,38.233762131464616,37.26394883188861,0.25250354226986355,0.4284894944314601,0.0886312371617648,40.395552651530366,38.94083270216637,0.11356940764638865,0.658602880400121
0.02602763876552594,38.70786986890969,37.738056569333686,-0.16133083637521373,0.6164342909974664,0.0725066782169782,40.606008529151254,39.15128857978725,-0.18623675992778033,0.7126865465264822
0.06025423664949525,38.27858723863673,37.30877393906073,-0.24546738408492375,0.44189411348726587,0.154015283691057,39.50219692186285,38.04747697249884,-0.21763032532799412,0.47111976735668243
0.11956607906214556,37.49625328370876,36.52643998413276,0.34578328337579567,0.27092235524218167,0.2323659654782988,38.33593862281734,36.88121867345333,0.36380263938702984,0.3042243682659493
0.012172641419760932,38.87737007910546,37.90755677952946,-0.11032969418865057,0.7328442512179578,0.20864556711671733,38.70113279171994,37.24641284235594,-0.28904007593489256,0.3488748619038153
0.0008215529352595397,39.0144754093503,38.04466210977429,-0.028662744726558276,0.9295399862915106,0.16902412406853873,39.287390569698715,37.83267062033472,-0.28999250635088236,0.4346581946382433
0.05011494379889159,38.40736655432373,37.437553254747726,0.22386367235192878,0.48427644562415334,0.22289266616737113,38.48312315378766,37.02840320442366,0.24202314544626696,0.3214878276364278
0.001683583828358759,39.00411806470851,38.034304765132504,-0.041031498002859365,0.8992503733448016,0.3371488749838165,36.57478640830328,35.12006645893928,0.566787322780121,0.15717084560109057
0.03179723583824712,38.63657313811036,37.666759838534354,-0.17831779450813934,0.5792513733646909,0.08487061668774176,40.444966892164715,38.99024694280072,-0.1983402497271507,0.6709207909237644
0.00475944566459896,38.96708840177949,37.99727510220349,0.06898873578055355,0.8312958208110601,0.054619631267275204,40.83522963575254,39.380509686388535,0.20719908766458284,0.7766576221596168
0.011190215747458598,38.88929852948506,37.91948522990906,0.10578381609423367,0.7435178890509198,0.13150578712666272,39.8173124660987,38.3625925167347,0.27960427211733985,0.5302139868926541
0.036112742136439224,38.58296677287113,37.61315347329513,-0.19003352897959708,0.5541380017965332,0.1711852159848517,39.25614190891739,37.801421959553394,-0.3885083519844213,0.4295944890311554
0.04139792997713043,38.51698730245667,37.547174002880666,-0.20346481262648472,0.5259142481154045,0.15845846414278542,39.4390058591326,37.9842859097686,-0.3001397257563699,0.4600870433716164
0.02531147408116441,38.71669026106301,37.746876961487004,-0.1590958015824564,0.6213912070537162,0.03589548020713973,41.070577939548514,39.61585799018451,-0.1140970840513711,0.8483177123882628
0.0004153169789468114,39.019353257525,38.049539957948994,0.02037932724470813,0.9498755110882842,0.013497478914677008,41.34617197103212,39.891452021668115,-0.15544210352018556,0.9406799720401652
0.1053904420524443,37.687923248554654,36.71810994897865,-0.32463894105982477,0.30322305943337063,0.16044366709999414,39.41066432470698,37.95594437534298,-0.24209015235324718,0.4552230965606665
0.0818557676423125,37.99952867834811,37.02971537877211,-0.2861044698048469,0.36731536136928017,0.15706070034265185,39.45892080158572,38.004200852221715,-0.19456714222188717,0.4635358831103982
0.08526199047068506,37.954927099412046,36.98511379983604,-0.2919965590048709,0.3570870924880186,0.20999578015052145,38.68064084283154,37.22592089346753,-0.49189289237992717,0.34620421412724933
0.19051851810453102,36.48800151123383,35.51818821165783,0.43648427016850355,0.15600323721860096,0.2620910455429599,37.862026787038076,36.40730683767408,0.23878398124123607,0.2546903629156641
0.06040415902380725,38.27667266547833,37.306859365902326,-0.2457725758171715,0.4413085468664459,0.13546883723225622,39.762429618065624,38.30770966870163,-0.23720009351365556,0.5194131444530786
0.07788909871664296,38.051260745231104,37.0814474456551,0.279086185105324,0.37969600632509626,0.2383682301184451,38.241739765640816,36.78701981627682,-0.31542208790721704,0.2936653668937755
0.04266378695571438,38.501130543303674,37.53131724372767,0.206552141009757,0.5195155333922368,0.10537346115171131,40.17305767242921,38.718337723065204,0.22636311455590738,0.6058819264777179
0.04496419482624281,38.47226073397994,37.50244743440393,0.21204762395802296,0.5082101215071657,0.24822337189145338,38.08545231132115,36.63073236195714,0.4194152829364502,0.27694892859188963
0.05739504009877339,38.31504206564844,37.34522876607244,0.23957261967673527,0.45327724958756155,0.09149677160342806,40.35776269500185,38.903042745637855,0.26097610377529873,0.6493354853703588
0.07159933991456291,38.13283537341286,37.163022073836856,0.26758052977480073,0.40045042771573014,0.1789108106128956,39.14376226187689,37.68904231251288,0.2861098012946654,0.41186653279193897
0.0426191562186804,38.501689966788824,37.53187666721282,-0.20644407528112926,0.5197389353712354,0.12508736298634182,39.905669854010114,38.45094990464611,-0.2572320955799936,0.5480764005993096
0.07329048324881016,38.110956645253225,37.14114334567722,-0.2707221513818372,0.39472751514927035,0.18031476768269417,39.12322624092672,37.66850629156272,-0.23752448850347865,0.4087069270765323
0.31479812581317235,34.48783676894384,33.51802346936785,-0.5610687353731025,0.05770152262399033,0.31728882064994757,36.92904419239025,35.474324243026246,0.04257098626577415,0.17950087297283593
0.012616585170245664,38.87197589518621,37.90216259561021,-0.11232357352864894,0.7281762123120211,0.12617639688043236,39.890723736787194,38.43600378742319,-0.4295729047526371,0.5450131377978386
0.23918167794295797,35.74400987143289,34.77419657185689,-0.48906203895104994,0.10662172173791942,0.3095683631543603,37.06398495035842,35.60926500099442,-0.2480097167714103,0.18881786166499973
0.06810454194513471,38.17792241580368,37.208109116227675,-0.26096846925468736,0.41263085195337285,0.07355753659859754,40.59240471176909,39.13768476240509,0.10699658277661478,0.7090600828581529
0.03694585329663125,38.57259039658743,37.602777097011426,-0.1922130414322382,0.5495161546283016,0.04678633833454626,40.934250329027165,39.47953037966316,-0.10925979586786116,0.8060391967388151
0.10300706691779382,37.719850552329376,36.75003725275337,-0.3209471403795237,0.3090735383644534,0.153497471058182,39.509539667642244,38.05481971827824,0.1912867390254979,0.4724187972508528
0.010992581728911488,38.89169673719347,37.92188343761747,0.1048455136327323,0.745726241175311,0.03827550264111157,41.04091769090398,39.586197741539976,0.13770256177493306,0.8389344991005258
0.01993063566460218,38.782754937829495,37.81294163825349,-0.14117590327177654,0.6616434186911051,0.020289638331206006,41.26326514245555,39.80854519309155,-0.017827319884641674,0.9118841263390296
0.04327894945718391,38.493417137427855,37.52360383785185,-0.2080359330913389,0.5164523421426743,0.09786475589212573,40.27335476079104,38.81863481142703,-0.23004815730617678,0.6291039682804683
0.03536017056923235,38.59233232373572,37.622519024159715,0.1880430019150743,0.5583729975873721,0.352992207603244,36.284481458309614,34.82976150894561,0.4738948383798627,0.14095899690497804
0.13961699912195047,37.21980642830574,36.249993128729734,-0.37365358170630525,0.23152127237645606,0.14076369284675394,39.68870915597802,38.23398920661401,0.030420203946246088,0.5052505438193632
0.0047493382726098154,38.967210269892135,37.99739697031613,0.06891544291818938,0.8314727841677739,0.18444852878825735,39.06255583299616,37.60783588363216,-0.41219176002178187,0.39951325215247147
0.002309382948460059,38.996593452257464,38.02678015268146,-0.048056039666830794,0.8821004863077053,0.0023207265851202807,41.481363662540616,40.02664371317661,-0.003044968602596898,0.9895990613678457
0.013044641663536694,38.86677245384191,37.89695915426591,0.11421314137846172,0.7237601938681917,0.1260821895409001,39.89201739277851,38.43729744341451,0.47426178234132654,0.5452775992572038
0.023907972467778094,38.73395721837069,37.76414391879469,0.1546220309909882,0.6313565987356419,0.22899643425060112,38.38849737916724,36.93377742980324,-0.6095422335112979,0.3102799691872199
0.006297043239755662,38.94853465756838,37.97872135799238,0.07935391130723077,0.806345343669751,0.46170627468292136,34.07703382672405,32.62231387736004,-0.6753839985271886,0.061600881724724894
0.01370534371257992,38.858736548785735,37.88892324920973,0.11706982409049715,0.7170986704499571,0.07413264071577885,40.58495320496023,39.130233255596224,0.20304416382450874,0.7070815112585372
2.8443196450234076e-05,39.023996773276565,38.05418347370056,-0.005333216332597521,0.9868757856637611,0.14537515887907115,39.624132482437645,38.16941253307364,-0.3112155959195564,0.49316222664331016
0.1571169725894569,36.97321303895081,36.00339973937481,0.39637983373206176,0.202083455540672,0.1873065617161258,39.02042896355884,37.56570901419484,-0.18002801175083732,0.39325150163772893
0.23399709687508696,35.82550626526707,34.85569296569107,-0.4837324641525389,0.11107671145142367,0.32756327804841434,36.747077558049824,35.292357608685826,-0.2369535590398318,0.16766074846735624
0.11579157489675951,37.54758846691152,36.57777516733552,-0.34028161116457584,0.2791280622576017,0.17022893352206547,39.26997946917585,37.81525951981185,-0.205761943894828,0.43182948516941444
0.2800548794119788,35.08137460109742,34.11156130152142,-0.5292021158423112,0.07685080317519496,0.2804032036152344,37.56047400002129,36.10575405065728,0.015437032673937964,0.22745814629504885
0.09099170382323951,37.87952539881776,36.90971209924176,-0.3016483114874666,0.34066295283811765,0.17151657298068856,39.2513433953167,37.796623445952704,-0.20019824729145247,0.42882215350188435
0.10000158380146085,37.75999079122285,36.790177491646844,-0.3162302702169115,0.3166388716999811,0.2546065049110944,37.98312852170997,36.528408572345974,-0.2953713284999031,0.26652330675427216
0.148296236017478,37.098140006861506,36.1283267072855,-0.38509250319563215,0.21640184526902154,0.2519964009568997,38.02507487270469,36.57035492334069,-0.3507381416061958,0.27074883320856763
0.024135730078398865,38.731156857170575,37.76134355759457,-0.15535678317472715,0.6297160013359362,0.09032790725313455,40.37319176168508,38.91847181232107,0.2637399124527896,0.6531033653362285
0.2191532548343641,36.055821567938516,35.08600826836251,-0.46813807240424726,0.12481436168666343,0.7727449706549775,23.729055768217616,22.274335818853615,-0.8098899378124272,0.0012714836058044764
0.06752513058750442,38.185381166260036,37.21556786668403,-0.2598559804728468,0.414698161162025,0.1830373646540615,39.08330171661218,37.62858176724818,-0.2517934550336627,0.4026334693892106
0.010209635389630378,38.901192762146536,37.93137946257053,0.10104274041033642,0.7546941473676876,0.051552635390174184,40.874096932975306,39.4193769836113,0.21051692659916799,0.7880604885210079
0.26438202533630706,35.339805882412094,34.36999258283609,-0.5141809266554986,0.08722607545599938,0.3641158665912587,36.07637779731086,34.621657847946864,-0.3593759966307127,0.1303769895115028
0.00016058741956692657,39.02241089270687,38.05259759313087,0.012672309164747236,0.9688209155876936,0.22225701649666252,38.49293476894882,37.03821481958482,0.5957214266760471,0.3226728744703466
0.2952498428042295,34.82539498525472,33.855581685678715,-0.5433689748267099,0.06786984933765709,0.4036033724977621,35.30705253588781,33.852332586523815,-0.33940953303054483,0.09770309137829761
0.04477833477133719,38.47459583351542,37.50478253393942,-0.21160891940402107,0.5091086263819281,0.19747723689831664,38.86930403654203,37.414584087178035,-0.3232672739203336,0.37158495269419295
0.33322858951981793,34.16064203973687,33.19082874016087,-0.5772595512590661,0.0493763084937748,0.46895523387340476,33.9143372746297,32.4596173252657,-0.2769410500999149,0.057954891611154136
0.19494897672182343,36.422142649072974,35.45232934949697,-0.44153026705065584,0.15072935503000148,0.22144519069766155,38.50545410877782,37.05073415941382,-0.13011521992171055,0.3241913052731731
0.3794676605106989,33.298207409368445,32.32839410979244,-0.6160094646275327,0.03294133557327717,0.4178225961530281,35.01748402517615,33.562764075812154,-0.16060653953202408,0.08764942126670058
0.3542652243470359,33.77594101438361,32.806127714807616,-0.5952018349661194,0.041179801489832454,0.4614960523859193,34.08171932644139,32.62699937707738,-0.3262398481941912,0.061709213462381104
0.1687906361741569,36.80585521052743,35.83604191095143,-0.41084137592768943,0.18460804178328125,0.30849220456090753,37.08267448975525,35.627954540391244,-0.39207787328255544,0.1901458544733326
0.00026150695587867645,39.02119960263073,38.05138630305473,-0.016171176700498224,0.9602176175699497,0.04522059627635866,40.95394527368572,39.49922532432171,-0.18472029296593212,0.8120143210447127
0.280642634363942,35.07157393739661,34.101760637820604,-0.5297571465907206,0.07648444472252978,0.564441127451568,31.535741050060423,30.08102110069642,-0.4755839906802296,0.023752585623225075
0.0001941344806074552,39.022008256562415,38.05219495698641,-0.013933215013320302,0.9657201026379735,0.26705801915791905,37.78097994739113,36.326259998027126,0.6038669389634365,0.24706611661217442
0.5955134501050113,28.16269656581093,27.19288326623493,-0.7716951795268722,0.003281029967205798,0.6356849431419396,29.39240980758414,27.93768985822014,-0.2502966943142795,0.010632785261329493
0.43731652561364953,32.123881839678944,31.15406854010294,-0.6612991196226179,0.019191179721726112,0.5535388210784971,31.832410813274585,30.377690863910583,-0.38797116075933624,0.026547685111337115
0.34281229982092976,33.98691079466175,33.01709749508575,-0.5855017504849409,0.04548050341185035,0.39157262646024205,35.54671202299326,34.091992073629264,-0.17419448263295423,0.10689056004790261
0.31933878966290485,34.40805107513376,33.438237775557766,-0.5651006898446552,0.05554307566102553,0.6168091248302099,29.99858020200005,28.543860252636048,-0.683019896061789,0.013346525314199055
0.1823487893140544,36.608504983106734,35.63869168353073,-0.42702317187016275,0.16620482547511328,0.27257767076691564,37.69026815135284,36.23554820198884,-0.2090705840633515,0.23880302665812755
0.3243233813146802,34.319849791015464,33.35003649143946,-0.5694939695156394,0.05325610326988138,0.3893153529353107,35.59114979867924,34.13642984931524,-0.19303762303664113,0.10868672631282775
0.02776970948172275,38.68638715830017,37.71657385872417,-0.16664246002061697,0.6047131678950906,0.045911948580000694,40.94525296979201,39.490533020428,-0.15434330096607723,0.8093717770044953
0.0047359005688711875,38.96737229074023,37.997558991164226,0.06881787971792801,0.8317083586536954,0.0128858841122782,41.35360921869838,39.898889269334376,-0.10740604988409075,0.9433071601313612
0.17614781658003675,36.69916824586917,35.729354946293164,-0.41969967426725124,0.17438377635252336,0.6349393664415575,29.416942907983316,27.962222958619314,-0.6329232154731699,0.0107310573109615
0.13836775896842834,37.23721728984428,36.26740399026828,-0.3719781700159682,0.23378722856467,0.15533161480254154,39.48351067982345,38.028790730459455,0.11067778589740182,0.4678300102915419
0.09004361637639158,37.8920347680417,36.92222146846569,-0.3000726851554331,0.34331592029372254,0.09442134131196056,40.31907109330912,38.86435114394512,0.03541418045072656,0.6399820692212895
0.0016464785189248543,39.0045640710362,38.034750771460196,-0.04057682243504322,0.9003618680447267,0.00765326206502126,41.417052363538545,39.96233241417454,0.07219008206639826,0.9660186451806925
0.0018958165478600852,39.00156670589755,38.03175340632155,-0.04354097550423143,0.8931187719573873,0.003936961564924957,41.461907964689516,40.00718801532551,-0.03596311913093089,0.982405332967245
0.11221718997227514,37.59600030599873,36.626187006422725,-0.3349883430393887,0.28715525077720305,0.1957197389445059,38.895554900573416,37.44083495120942,-0.27131085936552163,0.37526092606191136
0.005502969004822833,38.958120103081455,37.98830680350545,-0.0741819991967251,0.8187755956834151,0.027600523269558863,41.173381850331765,39.71866190096776,-0.2407321396939005,0.8816601753127872
0.04401572567244472,38.48417231031783,37.51435901074183,-0.20979925088628157,0.5128223596563122,0.25788359267397354,37.93025476710508,36.47553481774108,-0.4128033934682252,0.26129081919410374
0.053715749262151835,38.361790753321735,37.39197745374573,-0.23176658357526858,0.4685620255030858,0.2046189180029101,38.76203757722158,37.30731762785757,-0.27833871060516935,0.3569346067340291
0.02328229437695839,38.741646792238825,37.77183349266282,-0.15258536750605708,0.6359121498277067,0.09432653323857465,40.32032734788096,38.86560739851696,-0.2644287623018371,0.6402836328984849
0.05804414566080851,38.306775665335344,37.33696236575934,-0.24092352658220922,0.4506563685223479,0.11457023594994131,40.04905903329973,38.59433908393572,-0.23784143082468776,0.5783537100546057
0.0015083148100482058,39.00622465494489,38.036411355368884,-0.0388370288519625,0.9046164491651931,0.1615507971017176,39.39482938058423,37.94010943122023,0.3866298395331787,0.4525279444155551
0.03674744677083697,38.57506235841784,37.605249058841835,-0.19169623567205735,0.5506106395358192,0.03765330753346896,41.0486786735448,39.593958724180794,-0.034115716000591545,0.8413796640717541
0.09795984743110608,37.78718315808225,36.81736985850625,0.3129853789414233,0.3219019711601439,0.12669132206630462,39.883650314269175,38.42893036490517,0.2994440571926566,0.54356938786627
4.541635469468286e-05,39.02379308785557,38.05397978827957,-0.006739165726898894,0.9834163385896614,0.017297434283988333,41.29985935348191,39.8451394041179,-0.16718222172634623,0.9244840117031552
0.010011197498667967,38.90359833822197,37.933785038645965,0.10005597182911238,0.7570257965518037,0.31953607240907844,36.8894791425274,35.4347591931634,0.5668673462725403,0.1768572973219623
0.05806536988569322,38.30650527732635,37.33669197775035,0.2409675701950229,0.450571041586849,0.058461120993163807,40.78636910242206,39.33164915305805,0.02218784444179514,0.7625567352027921
0.025708572776550587,38.71180033451154,37.74198703493553,-0.16033893094489116,0.6186323645423948,0.025829664969902244,41.195215442253144,39.74049549288914,0.012090460708661696,0.8889084861251438
0.005484470734054003,38.95834330855905,37.98853000898305,-0.07405721257280629,0.8190759948640101,0.02640301260573985,41.18815076697129,39.733430817607285,0.17764167360820776,0.8865566591146685
0.002487767997089052,38.99444768488322,38.024634385307216,-0.04987752998183864,0.877660755250748,0.4400914409351131,34.54946319463724,33.094743245273236,0.9040774312372589,0.07354056782250684
0.08690575300333125,37.93334398571132,36.963530686135314,-0.29479781716174813,0.35227778801251586,0.1647199484119879,39.34938611540882,37.894666166044814,0.42850505916758297,0.4448816502976906
0.013415510993306845,38.862262352851936,37.89244905327593,0.11582534693799415,0.7199984830374463,0.2393032713179276,38.22699853756107,36.77227858819707,-0.6490007381423324,0.29204647504426184
0.0013826484419546814,39.00773483430051,38.037921534724504,0.03718398098583241,0.9086610338574034,0.19768825381227018,38.866148318033524,37.41142836866952,-0.6471395472868555,0.3711454812122706
0.054567463822132845,38.350985144912414,37.38117184533641,0.23359679754254525,0.46495700167806203,0.05708587239612939,40.80388398449796,39.34916403513395,0.04816245941283638,0.76758175373679
0.00669687094550353,38.94370534922555,37.97389204964955,-0.08183441174410418,0.8003980617391591,0.012937794325920127,41.3529781478492,39.898258198485195,0.09258399912228782,0.943083951424777
0.004998618061721971,38.964204261186346,37.99439096161034,0.0707009056640864,0.827163901683798,0.02355594873724698,41.22319084050815,39.76847089114415,0.10100664715451747,0.898282910978786
0.11298129170812055,37.58566763352576,36.615854333949756,0.3361268982216701,0.28541771227820567,0.14453039968672143,39.635988097995636,38.18126814863163,0.16881428061633696,0.4953596358687437
0.02821970403447871,38.6808317001488,37.7110184005728,0.16798721390176943,0.601759113448474,0.04271421517906504,40.98540506969496,39.53068512033096,0.13774703495067062,0.821650728505526
0.0239081602987139,38.733954909191446,37.76414160961544,-0.15462263837715967,0.6313552418964505,0.20111452471319902,38.81479260368049,37.36007265431649,0.29005622263791503,0.3640662022849383
2.316001894175912e-05,39.024060173042486,38.05424687346648,0.004812485734200813,0.988157139100065,0.0983857705897071,40.26642233848223,38.811702389118224,0.3021678131169202,0.6274706368580847
0.19693183781694257,36.39254988578122,35.42273658620522,0.44377002807416227,0.14842548304264563,0.2126517250579235,38.64022962325387,37.18550967388987,-0.08414789340732287,0.3409973165333142
0.030670323122614973,38.65053208282377,37.68071878324777,-0.17512944676043204,0.5861624474393745,0.2638321030896814,37.83367996067465,36.37896001131065,-0.4471685665254167,0.2519973280254442
0.004863125776969679,38.96583822547451,37.99602492589851,-0.06973611529881693,0.8294917079173092,0.10912016397584223,40.12269604895532,38.667976099591314,-0.3431342815496143,0.5945468492520046
0.12456254081414908,37.427959326036515,36.45814602646051,-0.35293418765281026,0.26046706091774374,0.4373728144644853,34.60758799215601,33.152868042792015,-0.4331071867820305,0.07516111400285516
0.030587663029974732,38.65155534543963,37.68174204586363,-0.1748932904086794,0.5866756163507073,0.21508741808101728,38.60304961011363,37.14832966074963,-0.4041275152435647,0.3362759500880276
0.11769504967632671,37.52172768769201,36.551914388116,-0.3430671212406209,0.27495594402202833,0.6258882927775764,29.710834621259107,28.256114671895105,-0.6740080704570774,0.011981352491512621
4.6724833569822266e-05,39.02377738538565,38.053964085809646,0.0068355565662141515,0.9831791704680135,0.009201425592390344,41.398316503905065,39.94359655454106,-0.0837395123873591,0.9592552365273492
0.028822301719604426,38.67338823253418,37.703574932958176,-0.16977132184089477,0.5978483963033163,0.05607896390152056,40.81669157184288,39.361971622478876,-0.16814686619347405,0.7712771973382696
0.0021783430765726086,38.998169467083756,38.02835616750775,-0.04667272304647235,0.8854742943488952,0.004412650170233845,41.45617577051941,40.0014558211554,0.03631070336788236,0.9802958492280925
0.0003218957725682481,39.020474725382556,38.05066142580655,-0.017941454026032755,0.9558661476252901,0.2719813244593068,37.70010181148513,36.245381862121135,-0.6588968607457754,0.23968526777048973
0.0026563852930187037,38.9924190595474,38.0226057599714,-0.051540132838583164,0.8736111191044452,0.022672159602404096,41.23404724640359,39.779327297039586,-0.11682668423851253,0.9019474117465625
0.029111249658083982,38.66981742239038,37.70000412281438,0.1706201912379781,0.595991113429444,0.0975566509838236,40.27745240325409,38.82273245389008,0.35096671492908843,0.6300714025528532
0.00161665301480729,39.0049225619872,38.0351092624112,-0.04020762383935707,0.9012645276950579,0.004964268217216183,41.449525172729835,39.99480522336583,-0.0814282427139694,0.9778540628418209
0.05192494036653861,38.38447886009348,37.41466556051748,-0.22787044645266907,0.47627940182383605,0.26755024377347636,37.77291835476791,36.31819840540391,0.5214553933231181,0.24632033956474492
0.15206434977869576,37.04493173357727,36.07511843400127,0.38995429190957187,0.21016139136418222,0.160474123467913,39.410228995914835,37.95550904655084,-0.10124347639899806,0.45514878823089344
0.3314973340644616,34.19175936234885,33.221946062772844,0.5757580516714134,0.05011046715477295,0.38153840999340927,35.743002455156045,34.28828250579205,-0.23864788766253234,0.11505547689355791
0.04907343743209669,38.42051680817201,37.45070350859601,-0.2215252523575961,0.48897172410368517,0.16100049973148767,39.402702728564634,37.94798277920063,0.2801074228580376,0.4538660100080004
0.01672161144862072,38.82198214536474,37.85216884578874,-0.12931207000361927,0.688760215515771,0.14876547755946257,39.57643350021134,38.12171355084733,0.2819772067509138,0.4844194006224919
0.00043583091515897454,39.019106985483475,38.04929368590747,-0.020876563777572188,0.9486539245720608,0.0664047159989899,40.684697753051964,39.22997780368796,-0.23504802491735055,0.734030188505667
0.03278140704871568,38.62436901987,37.654555720294,0.1810563642866935,0.5733410805516652,0.04132111240562519,41.00285553364972,39.54813558428572,0.09370598733950346,0.8270451796019163
0.12707957048135587,37.39340761660807,36.42359431703207,-0.35648221622032716,0.2553679433102884,0.2616085836018218,37.869870100789214,36.41515015142521,0.3708503387192598,0.2554405718076807
0.03292269937560377,38.62261591898063,37.652802619404625,0.1814461335372118,0.5725018527455286,0.05600221073455425,40.81766728964571,39.36294734028171,-0.14508462080323298,0.7715594548079373
0.22366157306236223,35.98633725629574,35.01652395671974,-0.4729287187963557,0.12048173200643904,0.26183622566990195,37.866169995495824,36.41145004613182,0.17816784579453465,0.2550863837100315
0.02718242610038779,38.693633664588376,37.72382036501237,-0.16487093770700717,0.608613031464504,0.21107759447453434,38.66419704650697,37.209477097142965,0.3776777947230217,0.3440759409442555
0.08091561333643349,38.01181005970535,37.041996760129344,0.2844566985262148,0.3702029240549934,0.24478207574559274,38.14025758645063,36.685537637086625,-0.47717847848233164,0.28269966905687927
0.12150095584202081,37.46985258375652,36.50003928418052,0.3485698722523518,0.26681980166574165,0.39936139000286897,35.39210266880052,33.93738271943651,-0.5730720444237112,0.10086943925131174
0.002149615486271017,38.99851494577613,38.028701646200126,0.04636394597390309,0.8862276193260573,0.12800947652379802,39.86552407381167,38.41080412444767,0.44872342710132407,0.5398870909205811
0.04176705280321935,38.512365648607464,37.54255234903146,0.20436989211530032,0.5240349029876379,0.04362810697653652,40.97394356063789,39.519223611273894,-0.0450780589617438,0.8181267979982564
0.28451692661850136,35.00677004871556,34.03695674913956,0.5334012810431762,0.07410869264198408,0.33427587104125345,36.6266857658257,35.1719658164617,-0.24967888171316777,0.16025970591728764
0.06899827664767355,38.16640828892611,37.1965949893501,0.2626752303657003,0.40946922963902405,0.3975021457977871,35.42919064491089,33.974470695546884,-0.5806997820597826,0.102282131593377
0.006732424443969598,38.94327582312749,37.97346252355149,0.08205135248104997,0.7998783795488343,0.06394335280091878,40.71629334038818,39.26157339102417,0.24954921916974485,0.7427789584791973
0.15597358019537655,36.989480315007384,36.01966701543138,0.3949349062761821,0.2038831336840989,0.33097810808689143,36.685982793660244,35.23126284429624,0.42146865127177724,0.163863218575875
0.019209957253489285,38.791575704164416,37.82176240458841,-0.13859999009195245,0.6675007491074161,0.04589963026790145,40.94540790181398,39.490687952449974,-0.15899418039413907,0.8094188024727857
0.013897421507607421,38.856399358784685,37.88658605920868,-0.11788732547482536,0.7151956351568047,0.017746323151798915,41.29437661916879,39.83965666980479,0.05790596555853336,0.9225852017928876
0.017486475837000026,38.81264405310345,37.842830753527444,-0.1322364391421675,0.6820433659711888,0.04279873528622791,40.98434552605704,39.529625576693036,-0.16949139999767002,0.8213243278032852
0.07292110386265327,38.1157388012552,37.145925501679194,-0.27003907839913355,0.3959682773174181,0.0786273692810423,40.52655597501712,39.07183602565311,-0.06253568556191469,0.6917654753766569
0.004916867048655793,38.96519016118206,37.995376861606054,-0.07012037541724873,0.8285644291650064,0.17387378711549217,39.217152141897,37.762432192533,0.4145810460202397,0.4233590141707099
0.05105598944168699,38.39547233084068,37.42565903126468,0.22595572451630241,0.4800933466201512,0.1489324374192299,39.574079607396115,38.11935965803211,0.2421579458786241,0.4839919875361016
0.14391033842273693,37.15977613457815,36.18996283500215,0.37935516132344516,0.22390855407900526,0.16044426407746526,39.41065579194756,37.955935842583564,0.0919424174473081,0.4552216399470615
0.010913540436877978,38.89265573667831,37.922842437102304,0.10446789189448577,0.746615493945793,0.44759795932131896,34.38749478728677,32.932774837922764,0.6052841358460417,0.06920679450977765
0.055710999053902754,38.33646192105466,37.36664862147866,0.2360317755174139,0.4601809499199121,0.08412098950966052,40.454792654482375,39.00007270511837,-0.16903212489508845,0.6733974665611685
0.043865284897343204,38.48606057073983,37.51624727116383,0.2094404089409286,0.513560167905118,0.04473554063688212,40.96004007382234,39.505320124458336,0.025765388071138595,0.8138723429099439
1.0716121865539385e-05,39.024209502336745,38.05439620276074,-0.0032735488182688427,0.9919441160593317,0.21089644683306819,38.66695209840604,37.212232149042045,0.364345016475425,0.3444316047916333
0.0019550325057897666,39.00085474357246,38.03104144399646,-0.04421574952197321,0.8914709471396106,0.19378185985989105,38.92443361317741,37.46971366381341,0.44676926709329756,0.37934690538382715
0.07939370894052766,38.031664328836726,37.06185102926072,0.2817688927836565,0.37493836666797214,0.21108559110722058,38.6640754121385,37.2093554627745,0.3379632611677543,0.3440602470047626
0.31405317406436506,34.500876086801156,33.53106278722515,0.5604044736298641,0.05806264841839505,0.3210190188964628,36.86329880260583,35.408578853241835,-0.09330974500793904,0.17512947370382675
0.07817107304543314,38.04759067756399,37.077777377987985,-0.2795909030090808,0.37879854365670695,0.11117647669651565,40.094965850549485,38.64024590118548,0.1671941364792489,0.5883962956555288
0.16065897688959185,36.92267980064622,35.95286650107022,0.4008228747085075,0.19661068906800283,0.20487335611934032,38.7581982278446,37.303478278480604,0.24440553676250343,0.3564210777534624
0.05170079308524489,38.387315607496674,37.41750230792067,-0.2273780840038126,0.4772588057130501,0.1171545509971742,40.01398326860226,38.559263319238255,-0.26527990523308687,0.5707961980575592
0.010656744714042432,38.89577088266323,37.925957583087225,-0.10323151027686536,0.7495290012279833,0.01077066479363531,41.379295686808376,39.92457573744437,0.01022626626713892,0.9524373986907892
0.10140492718950178,37.74126490994203,36.77145161036603,0.3184414030704893,0.3130798584122523,0.12233533654196271,39.94335645929371,38.488636509929705,0.11954097276100693,0.5558770692668061
0.07954820674344942,38.029650298258105,37.0598369986821,0.28204291649224167,0.3744541511173333,0.21422424185315747,38.616238879445866,37.16151893008187,0.2515354972991273,0.33794328276114316
